video,start,end,action,label,side,guard,round
Tự Học Taekwondo Tại Nhà - Bài Căn Bản Đầu Tiên Cho Người Mới #1.mp4,5:39,6:06,roundhouse,Xoay cổ chân đá (phải),,,1
Tự Học Taekwondo Tại Nhà - Bài Căn Bản Đầu Tiên Cho Người Mới #1.mp4,10:54,11:21,roundhouse,Xoay cổ chân đá (phải),,,2
Tự Học Taekwondo Tại Nhà - Bài Căn Bản Số 2.mp4,0:48,1:15,high_block,Đỡ cao (trái),,,1
Tự Học Taekwondo Tại Nhà - Bài Căn Bản Số 2.mp4,5:20,5:47,high_block,Đỡ cao (trái),,,2
Tự Học Taekwondo Tại Nhà - Bài Căn Bản Số 2.mp4,1:34,2:01,front,Đá trước cao (phải),,,1
Tự Học Taekwondo Tại Nhà - Bài Căn Bản Số 2.mp4,6:06,6:33,front,Đá trước cao (phải),,,2
Tự Học Taekwondo Tại Nhà - Bài Căn Bản Số 2.mp4,2:20,2:47,hook,Đấm móc (trái),,chin,1
Tự Học Taekwondo Tại Nhà - Bài Căn Bản Số 2.mp4,6:50,7:17,hook,Đấm móc (trái),,chin,2
Tự Học Taekwondo Tại Nhà - Bài Căn Bản Số 2.mp4,3:04,3:31,roundhouse,Xoay cổ đá vòng cầu (trái),,,1
Tự Học Taekwondo Tại Nhà - Bài Căn Bản Số 2.mp4,7:36,8:03,roundhouse,Xoay cổ đá vòng cầu (trái),,,2
Tự Học Taekwondo Tại Nhà - Bài Căn Bản Số 2.mp4,3:50,4:17,knife_block,Bước mở chân – chém cạnh 2 tay,,,1
Tự Học Taekwondo Tại Nhà - Bài Căn Bản Số 2.mp4,8:20,8:47,knife_block,Bước mở chân – chém cạnh 2 tay,,,2
Tự Học Taekwondo Tại Nhà - Bài Căn Bản Số 2.mp4,4:34,5:01,knife_strike,Bước mở chân – chém đao 1 tay,,,1
Tự Học Taekwondo Tại Nhà - Bài Căn Bản Số 2.mp4,9:06,9:33,knife_strike,Bước mở chân – chém đao 1 tay,,,2
Tự học võ tại nhà Taekwondo #3 - Learn Taekwondo At Home - Taekwondo 태권도 - VinKungfu.mp4,1:51,2:18,hook,Đấm vòng (phải),,chin,1
Tự học võ tại nhà Taekwondo #3 - Learn Taekwondo At Home - Taekwondo 태권도 - VinKungfu.mp4,7:20,7:47,hook,Đấm vòng (phải),,chin,2
Tự học võ tại nhà Taekwondo #3 - Learn Taekwondo At Home - Taekwondo 태권도 - VinKungfu.mp4,2:35,3:02,back,Đá sau (phải),,,1
Tự học võ tại nhà Taekwondo #3 - Learn Taekwondo At Home - Taekwondo 태권도 - VinKungfu.mp4,8:06,8:33,back,Đá sau (phải),,,2
Tự học võ tại nhà Taekwondo #3 - Learn Taekwondo At Home - Taekwondo 태권도 - VinKungfu.mp4,3:22,3:49,low_block,Bước gạt thấp (trái),,,1
Tự học võ tại nhà Taekwondo #3 - Learn Taekwondo At Home - Taekwondo 태권도 - VinKungfu.mp4,8:50,9:17,low_block,Bước gạt thấp (trái),,,2
Tự học võ tại nhà Taekwondo #3 - Learn Taekwondo At Home - Taekwondo 태권도 - VinKungfu.mp4,4:06,4:33,hook_kick,Đá gập vòng (phải),,,1
Tự học võ tại nhà Taekwondo #3 - Learn Taekwondo At Home - Taekwondo 태권도 - VinKungfu.mp4,9:36,10:03,hook_kick,Đá gập vòng (phải),,,2
Tự học võ tại nhà Taekwondo #3 - Learn Taekwondo At Home - Taekwondo 태권도 - VinKungfu.mp4,4:56,5:23,hook,Đấm vòng (trái),,chin,1
Tự học võ tại nhà Taekwondo #3 - Learn Taekwondo At Home - Taekwondo 태권도 - VinKungfu.mp4,10:20,10:47,hook,Đấm vòng (trái),,chin,2
Tự học võ tại nhà Taekwondo #4 - Learn Taekwondo At Home - Taekwondo 태권도 - VinKungfu.mp4,2:30,2:57,hook_kick,Đá gập vòng (trái),,,1
Tự học võ tại nhà Taekwondo #4 - Learn Taekwondo At Home - Taekwondo 태권도 - VinKungfu.mp4,8:00,8:27,hook_kick,Đá gập vòng (trái),,,2
Tự học võ tại nhà Taekwondo #4 - Learn Taekwondo At Home - Taekwondo 태권도 - VinKungfu.mp4,4:00,4:27,push,Đá ức ngang (phải),,,1
Tự học võ tại nhà Taekwondo #4 - Learn Taekwondo At Home - Taekwondo 태권도 - VinKungfu.mp4,9:30,9:57,push,Đá ức ngang (phải),,,2
Tự học võ tại nhà Taekwondo #4 - Learn Taekwondo At Home - Taekwondo 태권도 - VinKungfu.mp4,4:44,5:11,hook,Đấm móc (trái),,chin,1
Tự học võ tại nhà Taekwondo #4 - Learn Taekwondo At Home - Taekwondo 태권도 - VinKungfu.mp4,10:14,10:41,hook,Đấm móc (trái),,chin,2
Tự học võ tại nhà Taekwondo #4 - Learn Taekwondo At Home - Taekwondo 태권도 - VinKungfu.mp4,5:30,5:57,front,Nhảy đá hất chân (phải),,,1
Tự học võ tại nhà Taekwondo #4 - Learn Taekwondo At Home - Taekwondo 태권도 - VinKungfu.mp4,11:00,11:27,front,Nhảy đá hất chân (phải),,,2
Tự học võ tại nhà Taekwondo #5 - Learn Taekwondo At Home - Taekwondo 태권도 - VinKungfu.mp4,2:38,3:05,back,Đá sau (trái),,,1
Tự học võ tại nhà Taekwondo #5 - Learn Taekwondo At Home - Taekwondo 태권도 - VinKungfu.mp4,8:08,8:35,back,Đá sau (trái),,,2
Tự học võ tại nhà Taekwondo #5 - Learn Taekwondo At Home - Taekwondo 태권도 - VinKungfu.mp4,3:24,3:51,front,Nhảy hất chân (trái),,,1
Tự học võ tại nhà Taekwondo #5 - Learn Taekwondo At Home - Taekwondo 태권도 - VinKungfu.mp4,8:54,9:21,front,Nhảy hất chân (trái),,,2
Tự học võ tại nhà Taekwondo #5 - Learn Taekwondo At Home - Taekwondo 태권도 - VinKungfu.mp4,5:38,6:05,push,Đá ức chân (trái),,,1
Tự học võ tại nhà Taekwondo #5 - Learn Taekwondo At Home - Taekwondo 태권도 - VinKungfu.mp4,11:08,11:35,push,Đá ức chân (trái),,,2
Tự học võ tại nhà Taekwondo #6 - Learn Taekwondo At Home - Taekwondo 태권도 - VinKungfu.mp4,3:08,3:35,roundhouse,Đá vòng cầu (phải),,,1
Tự học võ tại nhà Taekwondo #6 - Learn Taekwondo At Home - Taekwondo 태권도 - VinKungfu.mp4,8:36,9:03,roundhouse,Đá vòng cầu (phải),,,2
Tự học võ tại nhà Taekwondo #6 - Learn Taekwondo At Home - Taekwondo 태권도 - VinKungfu.mp4,3:52,4:19,straight,Đấm trái – phải (thẳng),,chin,1
Tự học võ tại nhà Taekwondo #6 - Learn Taekwondo At Home - Taekwondo 태권도 - VinKungfu.mp4,9:22,9:49,straight,Đấm trái – phải (thẳng),,chin,2
Tự học võ tại nhà Taekwondo #6 - Learn Taekwondo At Home - Taekwondo 태권도 - VinKungfu.mp4,4:38,5:05,low_block,Bước gạt thấp (phải),,,1
Tự học võ tại nhà Taekwondo #6 - Learn Taekwondo At Home - Taekwondo 태권도 - VinKungfu.mp4,10:06,10:33,low_block,Bước gạt thấp (phải),,,2
Tự học võ tại nhà Taekwondo #6 - Learn Taekwondo At Home - Taekwondo 태권도 - VinKungfu.mp4,5:22,5:49,side,Đá ngang (phải),,,1
Tự học võ tại nhà Taekwondo #6 - Learn Taekwondo At Home - Taekwondo 태권도 - VinKungfu.mp4,10:52,11:19,side,Đá ngang (phải),,,2
Tự học võ tại nhà Taekwondo #7 - Learn Taekwondo At Home - Taekwondo 태권도 - VinKungfu.mp4,0:58,1:25,block_punch,Gạt thấp (trái) – đấm thẳng (phải),L,,1
Tự học võ tại nhà Taekwondo #7 - Learn Taekwondo At Home - Taekwondo 태권도 - VinKungfu.mp4,6:28,6:55,block_punch,Gạt thấp (trái) – đấm thẳng (phải),L,,2
Tự học võ tại nhà Taekwondo #7 - Learn Taekwondo At Home - Taekwondo 태권도 - VinKungfu.mp4,1:42,2:09,roundhouse_low,Đá vòng cầu thấp (phải),,,1
Tự học võ tại nhà Taekwondo #7 - Learn Taekwondo At Home - Taekwondo 태권도 - VinKungfu.mp4,7:12,7:39,roundhouse_low,Đá vòng cầu thấp (phải),,,2
Tự học võ tại nhà Taekwondo #7 - Learn Taekwondo At Home - Taekwondo 태권도 - VinKungfu.mp4,3:12,3:39,side_low,Đá cạnh thấp (phải),,,1
Tự học võ tại nhà Taekwondo #7 - Learn Taekwondo At Home - Taekwondo 태권도 - VinKungfu.mp4,8:42,9:09,side_low,Đá cạnh thấp (phải),,,2
Tự học võ tại nhà Taekwondo #7 - Learn Taekwondo At Home - Taekwondo 태권도 - VinKungfu.mp4,3:58,4:25,front,Co đá song phi (phải),,,1
Tự học võ tại nhà Taekwondo #7 - Learn Taekwondo At Home - Taekwondo 태권도 - VinKungfu.mp4,9:28,9:55,front,Co đá song phi (phải),,,2
Tự học võ tại nhà Taekwondo #8 - Learn Taekwondo At Home - Taekwondo 태권도 - VinKungfu.mp4,3:04,3:31,horse_punch,Rộng chân – đấm thẳng,,,1
Tự học võ tại nhà Taekwondo #8 - Learn Taekwondo At Home - Taekwondo 태권도 - VinKungfu.mp4,8:34,9:01,horse_punch,Rộng chân – đấm thẳng,,,2
Tự học võ tại nhà Taekwondo #8 - Learn Taekwondo At Home - Taekwondo 태권도 - VinKungfu.mp4,3:50,4:17,side,Đá ngang (phải),,,1
Tự học võ tại nhà Taekwondo #8 - Learn Taekwondo At Home - Taekwondo 태권도 - VinKungfu.mp4,9:20,9:47,side,Đá ngang (phải),,,2
Tự học võ tại nhà Taekwondo #8 - Learn Taekwondo At Home - Taekwondo 태권도 - VinKungfu.mp4,4:34,5:01,push,Ngả người – đá ức chân (trái),,,1
Tự học võ tại nhà Taekwondo #8 - Learn Taekwondo At Home - Taekwondo 태권도 - VinKungfu.mp4,10:04,10:31,push,Ngả người – đá ức chân (trái),,,2
Tự học võ tại nhà Taekwondo #9 - Learn Taekwondo At Home - Taekwondo 태권도 - VinKungfu.mp4,2:42,3:09,horse_stance,Đứng trung bình tấn,,,1
Tự học võ tại nhà Taekwondo #9 - Learn Taekwondo At Home - Taekwondo 태권도 - VinKungfu.mp4,8:10,8:37,horse_stance,Đứng trung bình tấn,,,2
Tự học võ tại nhà Taekwondo #9 - Learn Taekwondo At Home - Taekwondo 태권도 - VinKungfu.mp4,3:26,3:53,footwork,Nhảy tiến – lùi,,,1
Tự học võ tại nhà Taekwondo #9 - Learn Taekwondo At Home - Taekwondo 태권도 - VinKungfu.mp4,8:56,9:23,footwork,Nhảy tiến – lùi,,,2
Tự học võ tại nhà Taekwondo #9 - Learn Taekwondo At Home - Taekwondo 태권도 - VinKungfu.mp4,4:12,4:39,front,Nhảy lùi – đá trước (phải),,,1
Tự học võ tại nhà Taekwondo #9 - Learn Taekwondo At Home - Taekwondo 태권도 - VinKungfu.mp4,9:40,10:07,front,Nhảy lùi – đá trước (phải),,,2
Tự học võ tại nhà Taekwondo #10 - Learn Taekwondo At Home - Taekwondo 태권도 - VinKungfu.mp4,3:44,4:11,side,Đá ngang thấp – cao (phải),,,1
Tự học võ tại nhà Taekwondo #10 - Learn Taekwondo At Home - Taekwondo 태권도 - VinKungfu.mp4,9:14,9:41,side,Đá ngang thấp – cao (phải),,,2
Tự học võ tại nhà Taekwondo #10 - Learn Taekwondo At Home - Taekwondo 태권도 - VinKungfu.mp4,4:30,4:57,spear_hand,Bước chọc mũi tay (trái),,,1
Tự học võ tại nhà Taekwondo #10 - Learn Taekwondo At Home - Taekwondo 태권도 - VinKungfu.mp4,9:58,10:25,spear_hand,Bước chọc mũi tay (trái),,,2
Tự học võ tại nhà Taekwondo #10 - Learn Taekwondo At Home - Taekwondo 태권도 - VinKungfu.mp4,5:14,5:41,block_kick,Gạt thấp (trái) – đá trước (phải),L,,1
Tự học võ tại nhà Taekwondo #10 - Learn Taekwondo At Home - Taekwondo 태권도 - VinKungfu.mp4,10:44,11:11,block_kick,Gạt thấp (trái) – đá trước (phải),L,,2
Tự học võ tại nhà Taekwondo #11 - Learn Taekwondo At Home - Taekwondo 태권도 - VinKungfu.mp4,1:52,2:19,roundhouse,Đá vòng cầu (phải),,,1
Tự học võ tại nhà Taekwondo #11 - Learn Taekwondo At Home - Taekwondo 태권도 - VinKungfu.mp4,7:20,7:47,roundhouse,Đá vòng cầu (phải),,,2
Tự học võ tại nhà Taekwondo #11 - Learn Taekwondo At Home - Taekwondo 태권도 - VinKungfu.mp4,2:36,3:03,duck,Thủ thế thụt người,,,1
Tự học võ tại nhà Taekwondo #11 - Learn Taekwondo At Home - Taekwondo 태권도 - VinKungfu.mp4,8:06,8:33,duck,Thủ thế thụt người,,,2
Tự học võ tại nhà Taekwondo #11 - Learn Taekwondo At Home - Taekwondo 태권도 - VinKungfu.mp4,3:22,3:49,front_stance,Tấn trước dài (trái),,,1
Tự học võ tại nhà Taekwondo #11 - Learn Taekwondo At Home - Taekwondo 태권도 - VinKungfu.mp4,8:50,9:17,front_stance,Tấn trước dài (trái),,,2
Tự học võ tại nhà Taekwondo #11 - Learn Taekwondo At Home - Taekwondo 태권도 - VinKungfu.mp4,4:06,4:33,front_stance,Tấn trước dài (phải),,,1
Tự học võ tại nhà Taekwondo #11 - Learn Taekwondo At Home - Taekwondo 태권도 - VinKungfu.mp4,9:36,10:03,front_stance,Tấn trước dài (phải),,,2
Tự học võ tại nhà Taekwondo #11 - Learn Taekwondo At Home - Taekwondo 태권도 - VinKungfu.mp4,4:52,5:19,knee_chamber,Thủ co gối (trái),,,1
Tự học võ tại nhà Taekwondo #11 - Learn Taekwondo At Home - Taekwondo 태권도 - VinKungfu.mp4,10:20,10:47,knee_chamber,Thủ co gối (trái),,,2
