experiment_id,stage,model,normalization,inference_strategy,seed,split_file,checkpoint_path,metrics_file_path,execution_timestamp,elapsed_sec,status,command
train_lstm_uniform_seed0,train,LSTM,uniform,,0,current filesystem split,<PROJECT_ROOT>\models\checkpoints\sample_level\sample_lstm_uniform_seed0.pt,,2026-05-24T23:45:56,0.0,skipped_existing,<PROJECT_ROOT>\.venv311\Scripts\python.exe <PROJECT_ROOT>\scripts\train_kick3_baselines.py --model lstm --train_align uniform --epochs 40 --batch_size 8 --lr 1e-3 --dropout 0.2 --seed 0 --device cpu --save_dir <PROJECT_ROOT>\models\checkpoints\sample_level --save_name sample_lstm_uniform_seed0.pt --seq_root <PROJECT_ROOT>\data\sequences
train_lstm_uniform_seed1,train,LSTM,uniform,,1,current filesystem split,<PROJECT_ROOT>\models\checkpoints\sample_level\sample_lstm_uniform_seed1.pt,,2026-05-24T23:45:56,0.0,skipped_existing,<PROJECT_ROOT>\.venv311\Scripts\python.exe <PROJECT_ROOT>\scripts\train_kick3_baselines.py --model lstm --train_align uniform --epochs 40 --batch_size 8 --lr 1e-3 --dropout 0.2 --seed 1 --device cpu --save_dir <PROJECT_ROOT>\models\checkpoints\sample_level --save_name sample_lstm_uniform_seed1.pt --seq_root <PROJECT_ROOT>\data\sequences
train_lstm_uniform_seed2,train,LSTM,uniform,,2,current filesystem split,<PROJECT_ROOT>\models\checkpoints\sample_level\sample_lstm_uniform_seed2.pt,,2026-05-24T23:45:56,0.0,skipped_existing,<PROJECT_ROOT>\.venv311\Scripts\python.exe <PROJECT_ROOT>\scripts\train_kick3_baselines.py --model lstm --train_align uniform --epochs 40 --batch_size 8 --lr 1e-3 --dropout 0.2 --seed 2 --device cpu --save_dir <PROJECT_ROOT>\models\checkpoints\sample_level --save_name sample_lstm_uniform_seed2.pt --seq_root <PROJECT_ROOT>\data\sequences
train_lstm_phase_seed0,train,LSTM,phase,,0,current filesystem split,<PROJECT_ROOT>\models\checkpoints\sample_level\sample_lstm_phase_seed0.pt,,2026-05-24T23:45:56,0.0,skipped_existing,<PROJECT_ROOT>\.venv311\Scripts\python.exe <PROJECT_ROOT>\scripts\train_kick3_baselines.py --model lstm --train_align phase --epochs 40 --batch_size 8 --lr 1e-3 --dropout 0.2 --seed 0 --device cpu --save_dir <PROJECT_ROOT>\models\checkpoints\sample_level --save_name sample_lstm_phase_seed0.pt --seq_root <PROJECT_ROOT>\data\sequences
train_lstm_phase_seed1,train,LSTM,phase,,1,current filesystem split,<PROJECT_ROOT>\models\checkpoints\sample_level\sample_lstm_phase_seed1.pt,,2026-05-24T23:45:56,0.0,skipped_existing,<PROJECT_ROOT>\.venv311\Scripts\python.exe <PROJECT_ROOT>\scripts\train_kick3_baselines.py --model lstm --train_align phase --epochs 40 --batch_size 8 --lr 1e-3 --dropout 0.2 --seed 1 --device cpu --save_dir <PROJECT_ROOT>\models\checkpoints\sample_level --save_name sample_lstm_phase_seed1.pt --seq_root <PROJECT_ROOT>\data\sequences
train_lstm_phase_seed2,train,LSTM,phase,,2,current filesystem split,<PROJECT_ROOT>\models\checkpoints\sample_level\sample_lstm_phase_seed2.pt,,2026-05-24T23:45:56,0.0,skipped_existing,<PROJECT_ROOT>\.venv311\Scripts\python.exe <PROJECT_ROOT>\scripts\train_kick3_baselines.py --model lstm --train_align phase --epochs 40 --batch_size 8 --lr 1e-3 --dropout 0.2 --seed 2 --device cpu --save_dir <PROJECT_ROOT>\models\checkpoints\sample_level --save_name sample_lstm_phase_seed2.pt --seq_root <PROJECT_ROOT>\data\sequences
train_gcn_uniform_seed0,train,GCN,uniform,,0,current filesystem split,<PROJECT_ROOT>\models\checkpoints\sample_level\sample_gcn_uniform_seed0.pt,,2026-05-24T23:45:56,0.0,skipped_existing,<PROJECT_ROOT>\.venv311\Scripts\python.exe <PROJECT_ROOT>\scripts\train_kick3_baselines.py --model gcn --train_align uniform --epochs 40 --batch_size 8 --lr 1e-3 --dropout 0.2 --seed 0 --device cpu --save_dir <PROJECT_ROOT>\models\checkpoints\sample_level --save_name sample_gcn_uniform_seed0.pt --seq_root <PROJECT_ROOT>\data\sequences
train_gcn_uniform_seed1,train,GCN,uniform,,1,current filesystem split,<PROJECT_ROOT>\models\checkpoints\sample_level\sample_gcn_uniform_seed1.pt,,2026-05-24T23:45:56,0.0,skipped_existing,<PROJECT_ROOT>\.venv311\Scripts\python.exe <PROJECT_ROOT>\scripts\train_kick3_baselines.py --model gcn --train_align uniform --epochs 40 --batch_size 8 --lr 1e-3 --dropout 0.2 --seed 1 --device cpu --save_dir <PROJECT_ROOT>\models\checkpoints\sample_level --save_name sample_gcn_uniform_seed1.pt --seq_root <PROJECT_ROOT>\data\sequences
train_gcn_uniform_seed2,train,GCN,uniform,,2,current filesystem split,<PROJECT_ROOT>\models\checkpoints\sample_level\sample_gcn_uniform_seed2.pt,,2026-05-24T23:45:56,0.0,skipped_existing,<PROJECT_ROOT>\.venv311\Scripts\python.exe <PROJECT_ROOT>\scripts\train_kick3_baselines.py --model gcn --train_align uniform --epochs 40 --batch_size 8 --lr 1e-3 --dropout 0.2 --seed 2 --device cpu --save_dir <PROJECT_ROOT>\models\checkpoints\sample_level --save_name sample_gcn_uniform_seed2.pt --seq_root <PROJECT_ROOT>\data\sequences
train_gcn_phase_seed0,train,GCN,phase,,0,current filesystem split,<PROJECT_ROOT>\models\checkpoints\sample_level\sample_gcn_phase_seed0.pt,,2026-05-24T23:45:56,0.0,skipped_existing,<PROJECT_ROOT>\.venv311\Scripts\python.exe <PROJECT_ROOT>\scripts\train_kick3_baselines.py --model gcn --train_align phase --epochs 40 --batch_size 8 --lr 1e-3 --dropout 0.2 --seed 0 --device cpu --save_dir <PROJECT_ROOT>\models\checkpoints\sample_level --save_name sample_gcn_phase_seed0.pt --seq_root <PROJECT_ROOT>\data\sequences
train_gcn_phase_seed1,train,GCN,phase,,1,current filesystem split,<PROJECT_ROOT>\models\checkpoints\sample_level\sample_gcn_phase_seed1.pt,,2026-05-24T23:45:56,0.0,skipped_existing,<PROJECT_ROOT>\.venv311\Scripts\python.exe <PROJECT_ROOT>\scripts\train_kick3_baselines.py --model gcn --train_align phase --epochs 40 --batch_size 8 --lr 1e-3 --dropout 0.2 --seed 1 --device cpu --save_dir <PROJECT_ROOT>\models\checkpoints\sample_level --save_name sample_gcn_phase_seed1.pt --seq_root <PROJECT_ROOT>\data\sequences
train_gcn_phase_seed2,train,GCN,phase,,2,current filesystem split,<PROJECT_ROOT>\models\checkpoints\sample_level\sample_gcn_phase_seed2.pt,,2026-05-24T23:45:56,0.0,skipped_existing,<PROJECT_ROOT>\.venv311\Scripts\python.exe <PROJECT_ROOT>\scripts\train_kick3_baselines.py --model gcn --train_align phase --epochs 40 --batch_size 8 --lr 1e-3 --dropout 0.2 --seed 2 --device cpu --save_dir <PROJECT_ROOT>\models\checkpoints\sample_level --save_name sample_gcn_phase_seed2.pt --seq_root <PROJECT_ROOT>\data\sequences
train_transformer_uniform_seed0,train,Transformer,uniform,,0,current filesystem split,<PROJECT_ROOT>\models\checkpoints\sample_level\sample_transformer_uniform_seed0.pt,,2026-05-24T23:45:56,0.0,skipped_existing,<PROJECT_ROOT>\.venv311\Scripts\python.exe <PROJECT_ROOT>\scripts\train_kick3_transformer_ablation.py --align uniform --seed 0 --deterministic --epochs 40 --batch_size 8 --lr 1e-3 --label_smoothing 0.05 --dropout 0.2 --ckpt_dir <PROJECT_ROOT>\models\checkpoints\sample_level --ckpt_prefix sample_transformer
train_transformer_uniform_seed1,train,Transformer,uniform,,1,current filesystem split,<PROJECT_ROOT>\models\checkpoints\sample_level\sample_transformer_uniform_seed1.pt,,2026-05-24T23:45:56,0.0,skipped_existing,<PROJECT_ROOT>\.venv311\Scripts\python.exe <PROJECT_ROOT>\scripts\train_kick3_transformer_ablation.py --align uniform --seed 1 --deterministic --epochs 40 --batch_size 8 --lr 1e-3 --label_smoothing 0.05 --dropout 0.2 --ckpt_dir <PROJECT_ROOT>\models\checkpoints\sample_level --ckpt_prefix sample_transformer
train_transformer_uniform_seed2,train,Transformer,uniform,,2,current filesystem split,<PROJECT_ROOT>\models\checkpoints\sample_level\sample_transformer_uniform_seed2.pt,,2026-05-24T23:45:56,0.0,skipped_existing,<PROJECT_ROOT>\.venv311\Scripts\python.exe <PROJECT_ROOT>\scripts\train_kick3_transformer_ablation.py --align uniform --seed 2 --deterministic --epochs 40 --batch_size 8 --lr 1e-3 --label_smoothing 0.05 --dropout 0.2 --ckpt_dir <PROJECT_ROOT>\models\checkpoints\sample_level --ckpt_prefix sample_transformer
train_transformer_phase_seed0,train,Transformer,phase,,0,current filesystem split,<PROJECT_ROOT>\models\checkpoints\sample_level\sample_transformer_phase_seed0.pt,,2026-05-24T23:45:56,0.0,skipped_existing,<PROJECT_ROOT>\.venv311\Scripts\python.exe <PROJECT_ROOT>\scripts\train_kick3_transformer_ablation.py --align phase --seed 0 --deterministic --epochs 40 --batch_size 8 --lr 1e-3 --label_smoothing 0.05 --dropout 0.2 --ckpt_dir <PROJECT_ROOT>\models\checkpoints\sample_level --ckpt_prefix sample_transformer
train_transformer_phase_seed1,train,Transformer,phase,,1,current filesystem split,<PROJECT_ROOT>\models\checkpoints\sample_level\sample_transformer_phase_seed1.pt,,2026-05-24T23:45:56,0.0,skipped_existing,<PROJECT_ROOT>\.venv311\Scripts\python.exe <PROJECT_ROOT>\scripts\train_kick3_transformer_ablation.py --align phase --seed 1 --deterministic --epochs 40 --batch_size 8 --lr 1e-3 --label_smoothing 0.05 --dropout 0.2 --ckpt_dir <PROJECT_ROOT>\models\checkpoints\sample_level --ckpt_prefix sample_transformer
train_transformer_phase_seed2,train,Transformer,phase,,2,current filesystem split,<PROJECT_ROOT>\models\checkpoints\sample_level\sample_transformer_phase_seed2.pt,,2026-05-24T23:45:56,0.0,skipped_existing,<PROJECT_ROOT>\.venv311\Scripts\python.exe <PROJECT_ROOT>\scripts\train_kick3_transformer_ablation.py --align phase --seed 2 --deterministic --epochs 40 --batch_size 8 --lr 1e-3 --label_smoothing 0.05 --dropout 0.2 --ckpt_dir <PROJECT_ROOT>\models\checkpoints\sample_level --ckpt_prefix sample_transformer
lstm_uni_argmax_seed0,evaluate,LSTM,UNI-Argmax,UNI-Argmax,0,current filesystem val split,<PROJECT_ROOT>\models\checkpoints\sample_level\sample_lstm_uniform_seed0.pt,<PROJECT_ROOT>\outputs\results\recognition_overall_by_seed.csv,2026-05-24T23:45:56,3.544,completed,<PROJECT_ROOT>\.venv311\Scripts\python.exe <PROJECT_ROOT>\scripts\eval_kick3_baselines.py --ckpt <PROJECT_ROOT>\models\checkpoints\sample_level\sample_lstm_uniform_seed0.pt --split val --align uniform --decision argmax --device cpu --seq_root <PROJECT_ROOT>\data\sequences
lstm_pa_sweep_seed0,evaluate,LSTM,PA-Sweep,PA-Sweep,0,current filesystem val split,<PROJECT_ROOT>\models\checkpoints\sample_level\sample_lstm_phase_seed0.pt,<PROJECT_ROOT>\outputs\results\recognition_overall_by_seed.csv,2026-05-24T23:46:00,4.222,completed,<PROJECT_ROOT>\.venv311\Scripts\python.exe <PROJECT_ROOT>\scripts\eval_kick3_baselines.py --ckpt <PROJECT_ROOT>\models\checkpoints\sample_level\sample_lstm_phase_seed0.pt --split val --align phase --decision sweep --device cpu --seq_root <PROJECT_ROOT>\data\sequences
lstm_uni_argmax_seed1,evaluate,LSTM,UNI-Argmax,UNI-Argmax,1,current filesystem val split,<PROJECT_ROOT>\models\checkpoints\sample_level\sample_lstm_uniform_seed1.pt,<PROJECT_ROOT>\outputs\results\recognition_overall_by_seed.csv,2026-05-24T23:46:04,3.594,completed,<PROJECT_ROOT>\.venv311\Scripts\python.exe <PROJECT_ROOT>\scripts\eval_kick3_baselines.py --ckpt <PROJECT_ROOT>\models\checkpoints\sample_level\sample_lstm_uniform_seed1.pt --split val --align uniform --decision argmax --device cpu --seq_root <PROJECT_ROOT>\data\sequences
lstm_pa_sweep_seed1,evaluate,LSTM,PA-Sweep,PA-Sweep,1,current filesystem val split,<PROJECT_ROOT>\models\checkpoints\sample_level\sample_lstm_phase_seed1.pt,<PROJECT_ROOT>\outputs\results\recognition_overall_by_seed.csv,2026-05-24T23:46:08,4.312,completed,<PROJECT_ROOT>\.venv311\Scripts\python.exe <PROJECT_ROOT>\scripts\eval_kick3_baselines.py --ckpt <PROJECT_ROOT>\models\checkpoints\sample_level\sample_lstm_phase_seed1.pt --split val --align phase --decision sweep --device cpu --seq_root <PROJECT_ROOT>\data\sequences
lstm_uni_argmax_seed2,evaluate,LSTM,UNI-Argmax,UNI-Argmax,2,current filesystem val split,<PROJECT_ROOT>\models\checkpoints\sample_level\sample_lstm_uniform_seed2.pt,<PROJECT_ROOT>\outputs\results\recognition_overall_by_seed.csv,2026-05-24T23:46:12,3.572,completed,<PROJECT_ROOT>\.venv311\Scripts\python.exe <PROJECT_ROOT>\scripts\eval_kick3_baselines.py --ckpt <PROJECT_ROOT>\models\checkpoints\sample_level\sample_lstm_uniform_seed2.pt --split val --align uniform --decision argmax --device cpu --seq_root <PROJECT_ROOT>\data\sequences
lstm_pa_sweep_seed2,evaluate,LSTM,PA-Sweep,PA-Sweep,2,current filesystem val split,<PROJECT_ROOT>\models\checkpoints\sample_level\sample_lstm_phase_seed2.pt,<PROJECT_ROOT>\outputs\results\recognition_overall_by_seed.csv,2026-05-24T23:46:16,4.184,completed,<PROJECT_ROOT>\.venv311\Scripts\python.exe <PROJECT_ROOT>\scripts\eval_kick3_baselines.py --ckpt <PROJECT_ROOT>\models\checkpoints\sample_level\sample_lstm_phase_seed2.pt --split val --align phase --decision sweep --device cpu --seq_root <PROJECT_ROOT>\data\sequences
gcn_uni_argmax_seed0,evaluate,GCN,UNI-Argmax,UNI-Argmax,0,current filesystem val split,<PROJECT_ROOT>\models\checkpoints\sample_level\sample_gcn_uniform_seed0.pt,<PROJECT_ROOT>\outputs\results\recognition_overall_by_seed.csv,2026-05-24T23:46:20,3.426,completed,<PROJECT_ROOT>\.venv311\Scripts\python.exe <PROJECT_ROOT>\scripts\eval_kick3_baselines.py --ckpt <PROJECT_ROOT>\models\checkpoints\sample_level\sample_gcn_uniform_seed0.pt --split val --align uniform --decision argmax --device cpu --seq_root <PROJECT_ROOT>\data\sequences
gcn_pa_sweep_seed0,evaluate,GCN,PA-Sweep,PA-Sweep,0,current filesystem val split,<PROJECT_ROOT>\models\checkpoints\sample_level\sample_gcn_phase_seed0.pt,<PROJECT_ROOT>\outputs\results\recognition_overall_by_seed.csv,2026-05-24T23:46:23,3.667,completed,<PROJECT_ROOT>\.venv311\Scripts\python.exe <PROJECT_ROOT>\scripts\eval_kick3_baselines.py --ckpt <PROJECT_ROOT>\models\checkpoints\sample_level\sample_gcn_phase_seed0.pt --split val --align phase --decision sweep --device cpu --seq_root <PROJECT_ROOT>\data\sequences
gcn_uni_argmax_seed1,evaluate,GCN,UNI-Argmax,UNI-Argmax,1,current filesystem val split,<PROJECT_ROOT>\models\checkpoints\sample_level\sample_gcn_uniform_seed1.pt,<PROJECT_ROOT>\outputs\results\recognition_overall_by_seed.csv,2026-05-24T23:46:27,3.366,completed,<PROJECT_ROOT>\.venv311\Scripts\python.exe <PROJECT_ROOT>\scripts\eval_kick3_baselines.py --ckpt <PROJECT_ROOT>\models\checkpoints\sample_level\sample_gcn_uniform_seed1.pt --split val --align uniform --decision argmax --device cpu --seq_root <PROJECT_ROOT>\data\sequences
gcn_pa_sweep_seed1,evaluate,GCN,PA-Sweep,PA-Sweep,1,current filesystem val split,<PROJECT_ROOT>\models\checkpoints\sample_level\sample_gcn_phase_seed1.pt,<PROJECT_ROOT>\outputs\results\recognition_overall_by_seed.csv,2026-05-24T23:46:30,3.687,completed,<PROJECT_ROOT>\.venv311\Scripts\python.exe <PROJECT_ROOT>\scripts\eval_kick3_baselines.py --ckpt <PROJECT_ROOT>\models\checkpoints\sample_level\sample_gcn_phase_seed1.pt --split val --align phase --decision sweep --device cpu --seq_root <PROJECT_ROOT>\data\sequences
gcn_uni_argmax_seed2,evaluate,GCN,UNI-Argmax,UNI-Argmax,2,current filesystem val split,<PROJECT_ROOT>\models\checkpoints\sample_level\sample_gcn_uniform_seed2.pt,<PROJECT_ROOT>\outputs\results\recognition_overall_by_seed.csv,2026-05-24T23:46:34,3.506,completed,<PROJECT_ROOT>\.venv311\Scripts\python.exe <PROJECT_ROOT>\scripts\eval_kick3_baselines.py --ckpt <PROJECT_ROOT>\models\checkpoints\sample_level\sample_gcn_uniform_seed2.pt --split val --align uniform --decision argmax --device cpu --seq_root <PROJECT_ROOT>\data\sequences
gcn_pa_sweep_seed2,evaluate,GCN,PA-Sweep,PA-Sweep,2,current filesystem val split,<PROJECT_ROOT>\models\checkpoints\sample_level\sample_gcn_phase_seed2.pt,<PROJECT_ROOT>\outputs\results\recognition_overall_by_seed.csv,2026-05-24T23:46:37,3.793,completed,<PROJECT_ROOT>\.venv311\Scripts\python.exe <PROJECT_ROOT>\scripts\eval_kick3_baselines.py --ckpt <PROJECT_ROOT>\models\checkpoints\sample_level\sample_gcn_phase_seed2.pt --split val --align phase --decision sweep --device cpu --seq_root <PROJECT_ROOT>\data\sequences
transformer_uni_argmax_seed0,evaluate,Transformer,UNI-Argmax,UNI-Argmax,0,current filesystem val split,<PROJECT_ROOT>\models\checkpoints\sample_level\sample_transformer_uniform_seed0.pt,<PROJECT_ROOT>\outputs\results\recognition_overall_by_seed.csv,2026-05-24T23:46:41,2.222,completed,<PROJECT_ROOT>\.venv311\Scripts\python.exe <PROJECT_ROOT>\scripts\eval_val_confusion_v3.py --ckpt <PROJECT_ROOT>\models\checkpoints\sample_level\sample_transformer_uniform_seed0.pt --split val --align uniform --decision argmax --device cpu
transformer_pa_sweep_seed0,evaluate,Transformer,PA-Sweep,PA-Sweep,0,current filesystem val split,<PROJECT_ROOT>\models\checkpoints\sample_level\sample_transformer_phase_seed0.pt,<PROJECT_ROOT>\outputs\results\recognition_overall_by_seed.csv,2026-05-24T23:46:43,2.519,completed,<PROJECT_ROOT>\.venv311\Scripts\python.exe <PROJECT_ROOT>\scripts\eval_val_confusion_v3.py --ckpt <PROJECT_ROOT>\models\checkpoints\sample_level\sample_transformer_phase_seed0.pt --split val --align phase --decision sweep --device cpu
transformer_pa_oracle_seed0,evaluate,Transformer,PA-Oracle,PA-Oracle,0,current filesystem val split,<PROJECT_ROOT>\models\checkpoints\sample_level\sample_transformer_phase_seed0.pt,<PROJECT_ROOT>\outputs\results\recognition_overall_by_seed.csv,2026-05-24T23:46:46,2.199,completed,<PROJECT_ROOT>\.venv311\Scripts\python.exe <PROJECT_ROOT>\scripts\eval_val_confusion_v3.py --ckpt <PROJECT_ROOT>\models\checkpoints\sample_level\sample_transformer_phase_seed0.pt --split val --align gt --decision argmax --device cpu
transformer_pa_singlehypothesis_seed0,evaluate,Transformer,PA-SingleHypothesis,PA-SingleHypothesis,0,current filesystem val split,<PROJECT_ROOT>\models\checkpoints\sample_level\sample_transformer_phase_seed0.pt,<PROJECT_ROOT>\outputs\results\recognition_overall_by_seed.csv,2026-05-24T23:46:48,2.392,completed,<PROJECT_ROOT>\.venv311\Scripts\python.exe <PROJECT_ROOT>\scripts\eval_val_confusion_v3.py --ckpt <PROJECT_ROOT>\models\checkpoints\sample_level\sample_transformer_phase_seed0.pt --split val --align phase --decision two_pass --device cpu
transformer_uni_argmax_seed1,evaluate,Transformer,UNI-Argmax,UNI-Argmax,1,current filesystem val split,<PROJECT_ROOT>\models\checkpoints\sample_level\sample_transformer_uniform_seed1.pt,<PROJECT_ROOT>\outputs\results\recognition_overall_by_seed.csv,2026-05-24T23:46:51,2.217,completed,<PROJECT_ROOT>\.venv311\Scripts\python.exe <PROJECT_ROOT>\scripts\eval_val_confusion_v3.py --ckpt <PROJECT_ROOT>\models\checkpoints\sample_level\sample_transformer_uniform_seed1.pt --split val --align uniform --decision argmax --device cpu
transformer_pa_sweep_seed1,evaluate,Transformer,PA-Sweep,PA-Sweep,1,current filesystem val split,<PROJECT_ROOT>\models\checkpoints\sample_level\sample_transformer_phase_seed1.pt,<PROJECT_ROOT>\outputs\results\recognition_overall_by_seed.csv,2026-05-24T23:46:53,2.522,completed,<PROJECT_ROOT>\.venv311\Scripts\python.exe <PROJECT_ROOT>\scripts\eval_val_confusion_v3.py --ckpt <PROJECT_ROOT>\models\checkpoints\sample_level\sample_transformer_phase_seed1.pt --split val --align phase --decision sweep --device cpu
transformer_pa_oracle_seed1,evaluate,Transformer,PA-Oracle,PA-Oracle,1,current filesystem val split,<PROJECT_ROOT>\models\checkpoints\sample_level\sample_transformer_phase_seed1.pt,<PROJECT_ROOT>\outputs\results\recognition_overall_by_seed.csv,2026-05-24T23:46:55,2.246,completed,<PROJECT_ROOT>\.venv311\Scripts\python.exe <PROJECT_ROOT>\scripts\eval_val_confusion_v3.py --ckpt <PROJECT_ROOT>\models\checkpoints\sample_level\sample_transformer_phase_seed1.pt --split val --align gt --decision argmax --device cpu
transformer_pa_singlehypothesis_seed1,evaluate,Transformer,PA-SingleHypothesis,PA-SingleHypothesis,1,current filesystem val split,<PROJECT_ROOT>\models\checkpoints\sample_level\sample_transformer_phase_seed1.pt,<PROJECT_ROOT>\outputs\results\recognition_overall_by_seed.csv,2026-05-24T23:46:58,2.401,completed,<PROJECT_ROOT>\.venv311\Scripts\python.exe <PROJECT_ROOT>\scripts\eval_val_confusion_v3.py --ckpt <PROJECT_ROOT>\models\checkpoints\sample_level\sample_transformer_phase_seed1.pt --split val --align phase --decision two_pass --device cpu
transformer_uni_argmax_seed2,evaluate,Transformer,UNI-Argmax,UNI-Argmax,2,current filesystem val split,<PROJECT_ROOT>\models\checkpoints\sample_level\sample_transformer_uniform_seed2.pt,<PROJECT_ROOT>\outputs\results\recognition_overall_by_seed.csv,2026-05-24T23:47:00,2.229,completed,<PROJECT_ROOT>\.venv311\Scripts\python.exe <PROJECT_ROOT>\scripts\eval_val_confusion_v3.py --ckpt <PROJECT_ROOT>\models\checkpoints\sample_level\sample_transformer_uniform_seed2.pt --split val --align uniform --decision argmax --device cpu
transformer_pa_sweep_seed2,evaluate,Transformer,PA-Sweep,PA-Sweep,2,current filesystem val split,<PROJECT_ROOT>\models\checkpoints\sample_level\sample_transformer_phase_seed2.pt,<PROJECT_ROOT>\outputs\results\recognition_overall_by_seed.csv,2026-05-24T23:47:02,2.493,completed,<PROJECT_ROOT>\.venv311\Scripts\python.exe <PROJECT_ROOT>\scripts\eval_val_confusion_v3.py --ckpt <PROJECT_ROOT>\models\checkpoints\sample_level\sample_transformer_phase_seed2.pt --split val --align phase --decision sweep --device cpu
transformer_pa_oracle_seed2,evaluate,Transformer,PA-Oracle,PA-Oracle,2,current filesystem val split,<PROJECT_ROOT>\models\checkpoints\sample_level\sample_transformer_phase_seed2.pt,<PROJECT_ROOT>\outputs\results\recognition_overall_by_seed.csv,2026-05-24T23:47:05,2.236,completed,<PROJECT_ROOT>\.venv311\Scripts\python.exe <PROJECT_ROOT>\scripts\eval_val_confusion_v3.py --ckpt <PROJECT_ROOT>\models\checkpoints\sample_level\sample_transformer_phase_seed2.pt --split val --align gt --decision argmax --device cpu
transformer_pa_singlehypothesis_seed2,evaluate,Transformer,PA-SingleHypothesis,PA-SingleHypothesis,2,current filesystem val split,<PROJECT_ROOT>\models\checkpoints\sample_level\sample_transformer_phase_seed2.pt,<PROJECT_ROOT>\outputs\results\recognition_overall_by_seed.csv,2026-05-24T23:47:07,2.494,completed,<PROJECT_ROOT>\.venv311\Scripts\python.exe <PROJECT_ROOT>\scripts\eval_val_confusion_v3.py --ckpt <PROJECT_ROOT>\models\checkpoints\sample_level\sample_transformer_phase_seed2.pt --split val --align phase --decision two_pass --device cpu
