sample,expert1_class,expert2_class,expert3_class,expert_majority_class,machine_class,class_match,expert1_score,expert2_score,expert3_score,expert_mean_score,machine_score,score_difference_machine_minus_expert
1,roundhouse,roundhouse,roundhouse,roundhouse,roundhouse,True,9.7,9.5,9.5,9.566666666666666,9.3,-0.2666666666666657
2,roundhouse,roundhouse,roundhouse,roundhouse,roundhouse,True,8.5,8.9,9.0,8.799999999999999,9.0,0.20000000000000107
3,roundhouse,roundhouse,roundhouse,roundhouse,roundhouse,True,8.9,9.5,9.7,9.366666666666665,8.2,-1.166666666666666
4,roundhouse,roundhouse,roundhouse,roundhouse,roundhouse,True,8.2,8.5,8.5,8.4,7.0,-1.4000000000000004
5,roundhouse,roundhouse,roundhouse,roundhouse,front,False,7.5,8.0,7.6,7.7,7.5,-0.20000000000000018
6,roundhouse,roundhouse,roundhouse,roundhouse,front,False,7.9,7.5,7.3,7.566666666666666,8.0,0.43333333333333357
7,roundhouse,roundhouse,roundhouse,roundhouse,roundhouse,True,7.9,7.5,7.8,7.733333333333333,7.9,0.16666666666666696
8,roundhouse,roundhouse,roundhouse,roundhouse,roundhouse,True,8.3,7.5,8.2,8.0,9.4,1.4000000000000004
9,roundhouse,roundhouse,roundhouse,roundhouse,roundhouse,True,8.2,7.5,7.3,7.666666666666667,9.1,1.4333333333333327
10,roundhouse,roundhouse,roundhouse,roundhouse,roundhouse,True,7.9,8.0,8.8,8.233333333333334,8.9,0.6666666666666661
11,front,front,front,front,front,True,8.0,8.5,8.5,8.333333333333334,8.7,0.36666666666666536
12,front,front,front,front,front,True,8.5,8.5,8.2,8.4,9.0,0.5999999999999996
13,front,front,front,front,axe,False,7.5,7.0,7.5,7.333333333333333,8.0,0.666666666666667
14,front,front,front,front,front,True,8.2,9.5,9.7,9.133333333333333,9.8,0.6666666666666679
15,front,front,front,front,front,True,8.8,9.4,9.4,9.200000000000001,9.1,-0.10000000000000142
16,front,front,front,front,front,True,7.6,7.0,7.5,7.366666666666667,8.0,0.6333333333333329
17,front,front,front,front,front,True,9.0,9.4,9.5,9.299999999999999,9.9,0.6000000000000014
18,front,front,front,front,front,True,8.7,9.0,8.9,8.866666666666667,8.1,-0.7666666666666675
19,front,front,front,front,front,True,8.2,8.0,8.5,8.233333333333333,9.0,0.7666666666666675
20,front,front,front,front,front,True,7.8,8.0,8.7,8.166666666666666,8.3,0.13333333333333464
21,axe,axe,axe,axe,axe,True,9.9,9.4,9.7,9.666666666666666,10.0,0.3333333333333339
22,axe,axe,axe,axe,axe,True,8.2,8.5,8.3,8.333333333333334,9.0,0.6666666666666661
23,axe,axe,axe,axe,front,False,7.0,7.0,7.2,7.066666666666666,8.0,0.9333333333333336
24,axe,axe,axe,axe,axe,True,9.0,9.5,9.5,9.333333333333334,9.5,0.16666666666666607
25,axe,axe,axe,axe,axe,True,8.5,9.0,9.0,8.833333333333334,9.3,0.4666666666666668
26,axe,axe,axe,axe,axe,True,8.3,9.0,8.7,8.666666666666666,8.7,0.033333333333333215
27,axe,axe,axe,axe,axe,True,8.4,9.0,8.8,8.733333333333333,9.2,0.4666666666666668
28,axe,axe,axe,axe,front,False,6.6,8.0,7.5,7.366666666666667,8.5,1.1333333333333329
29,axe,axe,axe,axe,axe,True,7.9,9.0,8.0,8.299999999999999,9.0,0.7000000000000011
30,axe,axe,axe,axe,axe,True,8.6,9.0,8.5,8.700000000000001,9.2,0.4999999999999982
