item,value
Study setting,Routine first-year university physical-education classes
Participants,140 first-year students from four teaching classes
Skill background,Most participants were beginners or had only initial exposure to taekwondo
Recorded kick types,"Front kick, roundhouse kick, and axe kick"
Attempts per participant,"Two videos per kick type, six videos per participant by protocol"
Protocol-level videos,840 smartphone videos
Recording device,Smartphone camera
Recording environment,Routine indoor teaching environment under available lighting
Additional sensors,None
