family,setting,class,n_runs,precision_mean,precision_std,precision_pct,precision_std_pct,recall_mean,recall_std,recall_pct,recall_std_pct,f1_mean,f1_std,f1_pct,f1_std_pct,support
GCN,PA-Sweep,axe,3,0.568,0.04844584605515728,56.8,4.8445846055157284,0.5206666666666666,0.09852072539995498,52.06666666666666,9.852072539995497,0.542,0.07660939890117921,54.2,7.660939890117921,41
GCN,PA-Sweep,front,3,0.514,0.024248711305964305,51.4,2.4248711305964306,0.48233333333333334,0.17905958040086362,48.233333333333334,17.90595804008636,0.48466666666666663,0.08303212229814032,48.46666666666666,8.303212229814031,38
GCN,PA-Sweep,roundhouse,3,0.44066666666666665,0.03126233090051561,44.06666666666666,3.126233090051561,0.5333333333333333,0.16165807537309526,53.333333333333336,16.165807537309526,0.4716666666666667,0.06106826781015928,47.16666666666667,6.106826781015928,25
GCN,UNI-Argmax,axe,3,0.5816666666666667,0.0742181469273744,58.166666666666664,7.42181469273744,0.5366666666666666,0.1290749136483668,53.666666666666664,12.907491364836678,0.5466666666666666,0.035921210076128175,54.666666666666664,3.5921210076128176,41
GCN,UNI-Argmax,front,3,0.524,0.051029403288692286,52.400000000000006,5.102940328869229,0.43,0.09957911427603681,43.0,9.957911427603682,0.4673333333333333,0.07123435500749153,46.733333333333334,7.123435500749153,38
GCN,UNI-Argmax,roundhouse,3,0.433,0.05335728628781639,43.3,5.33572862878164,0.5733333333333334,0.08326663997864532,57.333333333333336,8.326663997864532,0.489,0.03244996147917591,48.9,3.2449961479175906,25
LSTM,PA-Sweep,axe,3,0.789,0.03143246729100339,78.9,3.1432467291003388,0.7886666666666667,0.02829016319029169,78.86666666666667,2.829016319029169,0.7886666666666666,0.02510644007686736,78.86666666666666,2.5106440076867362,41
LSTM,PA-Sweep,front,3,0.7073333333333334,0.0739008344562721,70.73333333333333,7.39008344562721,0.667,0.06062177826491069,66.7,6.0621778264910695,0.6823333333333333,0.006350852961085889,68.23333333333333,0.635085296108589,38
LSTM,PA-Sweep,roundhouse,3,0.6156666666666667,0.01955334583474997,61.56666666666667,1.9553345834749971,0.6533333333333333,0.1514375558880073,65.33333333333333,15.143755588800731,0.6263333333333334,0.07043673284113434,62.63333333333334,7.043673284113434,25
LSTM,UNI-Argmax,axe,3,0.808,0.034698703145794915,80.80000000000001,3.4698703145794916,0.8130000000000001,0.037643060449437396,81.30000000000001,3.7643060449437398,0.8096666666666666,0.017897858344878354,80.96666666666667,1.7897858344878355,41
LSTM,UNI-Argmax,front,3,0.7533333333333333,0.03203643758805488,75.33333333333333,3.203643758805488,0.728,0.08414867794564572,72.8,8.414867794564572,0.7393333333333334,0.05772636601530822,73.93333333333334,5.772636601530822,38
LSTM,UNI-Argmax,roundhouse,3,0.6663333333333333,0.026006409466386007,66.63333333333334,2.6006409466386007,0.6933333333333334,0.046188021535170036,69.33333333333334,4.618802153517003,0.6793333333333333,0.03477547028198657,67.93333333333334,3.4775470281986567,25
Transformer,PA-Oracle,axe,3,0.8526666666666667,0.02510644007686742,85.26666666666667,2.510644007686742,0.7476666666666666,0.07043673284113434,74.76666666666667,7.043673284113434,0.795399003975575,0.03943666323465483,79.53990039755749,3.9436663234654827,41
Transformer,PA-Oracle,front,3,0.6726666666666667,0.009814954576223646,67.26666666666668,0.9814954576223646,0.6666666666666667,0.030022213997860567,66.66666666666667,3.0022213997860567,0.6694738418799255,0.018221675052373616,66.94738418799255,1.8221675052373616,38
Transformer,PA-Oracle,roundhouse,3,0.5306666666666666,0.04082074635933708,53.06666666666666,4.082074635933708,0.64,0.040000000000000036,64.0,4.0000000000000036,0.5785958571695172,0.014928364001876594,57.85958571695172,1.4928364001876593,25
Transformer,PA-SingleHypothesis,axe,3,0.7976666666666666,0.02362907813126302,79.76666666666667,2.3629078131263017,0.675,0.07430343195303969,67.5,7.430343195303969,0.7299679920315449,0.048216949913964004,72.9967992031545,4.8216949913964005,41
Transformer,PA-SingleHypothesis,front,3,0.658,0.017521415467935248,65.8,1.7521415467935249,0.6403333333333333,0.030599564267050194,64.03333333333333,3.0599564267050194,0.6487320019774271,0.01848369104660289,64.8732001977427,1.8483691046602893,38
Transformer,PA-SingleHypothesis,roundhouse,3,0.496,0.023259406699226035,49.6,2.3259406699226033,0.64,0.040000000000000036,64.0,4.0000000000000036,0.558111248236943,0.016973683364190653,55.8111248236943,1.6973683364190653,25
Transformer,PA-Sweep,axe,3,0.8376666666666667,0.04201587001756993,83.76666666666667,4.201587001756993,0.699,0.06139218191268331,69.89999999999999,6.139218191268331,0.7603059860446819,0.03325388711693382,76.0305986044682,3.325388711693382,41
Transformer,PA-Sweep,front,3,0.666,0.04050925820105817,66.60000000000001,4.050925820105817,0.658,0.026000000000000023,65.8,2.6000000000000023,0.6611407694754441,0.01788194428201064,66.1140769475444,1.788194428201064,38
Transformer,PA-Sweep,roundhouse,3,0.5103333333333333,0.008962886439832509,51.03333333333333,0.8962886439832509,0.6533333333333333,0.023094010767585053,65.33333333333333,2.309401076758505,0.5729539254505555,0.01243054181627056,57.29539254505555,1.243054181627056,25
Transformer,UNI-Argmax,axe,3,0.6823333333333333,0.06557692683660414,68.23333333333333,6.557692683660414,0.748,0.12011244731500562,74.8,12.011244731500561,0.7056705338103095,0.025887403145541943,70.56705338103096,2.5887403145541943,41
Transformer,UNI-Argmax,front,3,0.643,0.05467174773134658,64.3,5.467174773134658,0.544,0.01558845726811991,54.400000000000006,1.558845726811991,0.5882190507913325,0.017923562135956885,58.82190507913325,1.7923562135956885,38
Transformer,UNI-Argmax,roundhouse,3,0.522,0.0630951662173894,52.2,6.309516621738941,0.5333333333333333,0.12220201853215573,53.333333333333336,12.220201853215574,0.5196441118882426,0.05959453178277155,51.96441118882426,5.959453178277155,25
