experiment_id,family,setting,seed,class,precision,recall,f1,support
lstm_uni_argmax_seed0,LSTM,UNI-Argmax,0,front,0.789,0.789,0.789,38
lstm_uni_argmax_seed0,LSTM,UNI-Argmax,0,roundhouse,0.667,0.72,0.692,25
lstm_uni_argmax_seed0,LSTM,UNI-Argmax,0,axe,0.846,0.805,0.825,41
lstm_pa_sweep_seed0,LSTM,PA-Sweep,0,front,0.622,0.737,0.675,38
lstm_pa_sweep_seed0,LSTM,PA-Sweep,0,roundhouse,0.632,0.48,0.545,25
lstm_pa_sweep_seed0,LSTM,PA-Sweep,0,axe,0.825,0.805,0.815,41
lstm_uni_argmax_seed1,LSTM,UNI-Argmax,1,front,0.744,0.763,0.753,38
lstm_uni_argmax_seed1,LSTM,UNI-Argmax,1,roundhouse,0.64,0.64,0.64,25
lstm_uni_argmax_seed1,LSTM,UNI-Argmax,1,axe,0.8,0.78,0.79,41
lstm_pa_sweep_seed1,LSTM,PA-Sweep,1,front,0.75,0.632,0.686,38
lstm_pa_sweep_seed1,LSTM,PA-Sweep,1,roundhouse,0.621,0.72,0.667,25
lstm_pa_sweep_seed1,LSTM,PA-Sweep,1,axe,0.767,0.805,0.786,41
lstm_uni_argmax_seed2,LSTM,UNI-Argmax,2,front,0.727,0.632,0.676,38
lstm_uni_argmax_seed2,LSTM,UNI-Argmax,2,roundhouse,0.692,0.72,0.706,25
lstm_uni_argmax_seed2,LSTM,UNI-Argmax,2,axe,0.778,0.854,0.814,41
lstm_pa_sweep_seed2,LSTM,PA-Sweep,2,front,0.75,0.632,0.686,38
lstm_pa_sweep_seed2,LSTM,PA-Sweep,2,roundhouse,0.594,0.76,0.667,25
lstm_pa_sweep_seed2,LSTM,PA-Sweep,2,axe,0.775,0.756,0.765,41
gcn_uni_argmax_seed0,GCN,UNI-Argmax,0,front,0.576,0.5,0.535,38
gcn_uni_argmax_seed0,GCN,UNI-Argmax,0,roundhouse,0.375,0.6,0.462,25
gcn_uni_argmax_seed0,GCN,UNI-Argmax,0,axe,0.645,0.488,0.556,41
gcn_pa_sweep_seed0,GCN,PA-Sweep,0,front,0.5,0.421,0.457,38
gcn_pa_sweep_seed0,GCN,PA-Sweep,0,roundhouse,0.412,0.56,0.475,25
gcn_pa_sweep_seed0,GCN,PA-Sweep,0,axe,0.579,0.537,0.557,41
gcn_uni_argmax_seed1,GCN,UNI-Argmax,1,front,0.522,0.316,0.393,38
gcn_uni_argmax_seed1,GCN,UNI-Argmax,1,roundhouse,0.48,0.48,0.48,25
gcn_uni_argmax_seed1,GCN,UNI-Argmax,1,axe,0.5,0.683,0.577,41
gcn_pa_sweep_seed1,GCN,PA-Sweep,1,front,0.5,0.684,0.578,38
gcn_pa_sweep_seed1,GCN,PA-Sweep,1,roundhouse,0.474,0.36,0.409,25
gcn_pa_sweep_seed1,GCN,PA-Sweep,1,axe,0.515,0.415,0.459,41
gcn_uni_argmax_seed2,GCN,UNI-Argmax,2,front,0.474,0.474,0.474,38
gcn_uni_argmax_seed2,GCN,UNI-Argmax,2,roundhouse,0.444,0.64,0.525,25
gcn_uni_argmax_seed2,GCN,UNI-Argmax,2,axe,0.6,0.439,0.507,41
gcn_pa_sweep_seed2,GCN,PA-Sweep,2,front,0.542,0.342,0.419,38
gcn_pa_sweep_seed2,GCN,PA-Sweep,2,roundhouse,0.436,0.68,0.531,25
gcn_pa_sweep_seed2,GCN,PA-Sweep,2,axe,0.61,0.61,0.61,41
transformer_uni_argmax_seed0,Transformer,UNI-Argmax,0,front,0.69,0.526,0.5969407894736842,38
transformer_uni_argmax_seed0,Transformer,UNI-Argmax,0,roundhouse,0.583,0.56,0.5712685914260717,25
transformer_uni_argmax_seed0,Transformer,UNI-Argmax,0,axe,0.647,0.805,0.7174035812672177,41
transformer_pa_sweep_seed0,Transformer,PA-Sweep,0,front,0.667,0.684,0.6753930421909697,38
transformer_pa_sweep_seed0,Transformer,PA-Sweep,0,roundhouse,0.5,0.64,0.5614035087719298,25
transformer_pa_sweep_seed0,Transformer,PA-Sweep,0,axe,0.879,0.707,0.7836733921815888,41
transformer_pa_oracle_seed0,Transformer,PA-Oracle,0,front,0.667,0.684,0.6753930421909697,38
transformer_pa_oracle_seed0,Transformer,PA-Oracle,0,roundhouse,0.5,0.64,0.5614035087719298,25
transformer_pa_oracle_seed0,Transformer,PA-Oracle,0,axe,0.879,0.707,0.7836733921815888,41
transformer_pa_singlehypothesis_seed0,Transformer,PA-SingleHypothesis,0,front,0.641,0.658,0.6493887605850656,38
transformer_pa_singlehypothesis_seed0,Transformer,PA-SingleHypothesis,0,roundhouse,0.471,0.64,0.5426462646264626,25
transformer_pa_singlehypothesis_seed0,Transformer,PA-SingleHypothesis,0,axe,0.806,0.61,0.6944350282485877,41
transformer_uni_argmax_seed1,Transformer,UNI-Argmax,1,front,0.656,0.553,0.6001124896608768,38
transformer_uni_argmax_seed1,Transformer,UNI-Argmax,1,roundhouse,0.526,0.4,0.454427645788337,25
transformer_uni_argmax_seed1,Transformer,UNI-Argmax,1,axe,0.642,0.829,0.7236138681169272,41
transformer_pa_sweep_seed1,Transformer,PA-Sweep,1,front,0.625,0.658,0.6410756040530008,38
transformer_pa_sweep_seed1,Transformer,PA-Sweep,1,roundhouse,0.515,0.68,0.5861087866108786,25
transformer_pa_sweep_seed1,Transformer,PA-Sweep,1,axe,0.839,0.634,0.7222348947725731,41
transformer_pa_oracle_seed1,Transformer,PA-Oracle,1,front,0.667,0.632,0.6490284834488068,38
transformer_pa_oracle_seed1,Transformer,PA-Oracle,1,roundhouse,0.515,0.68,0.5861087866108786,25
transformer_pa_oracle_seed1,Transformer,PA-Oracle,1,axe,0.829,0.707,0.7631549479166666,41
transformer_pa_singlehypothesis_seed1,Transformer,PA-SingleHypothesis,1,front,0.657,0.605,0.6299286846275753,38
transformer_pa_singlehypothesis_seed1,Transformer,PA-SingleHypothesis,1,roundhouse,0.5,0.68,0.576271186440678,25
transformer_pa_singlehypothesis_seed1,Transformer,PA-SingleHypothesis,1,axe,0.771,0.659,0.710613986013986,41
transformer_uni_argmax_seed2,Transformer,UNI-Argmax,2,front,0.583,0.553,0.5676038732394365,38
transformer_uni_argmax_seed2,Transformer,UNI-Argmax,2,roundhouse,0.457,0.64,0.533236098450319,25
transformer_uni_argmax_seed2,Transformer,UNI-Argmax,2,axe,0.758,0.61,0.6759941520467837,41
transformer_pa_sweep_seed2,Transformer,PA-Sweep,2,front,0.706,0.632,0.6669536621823616,38
transformer_pa_sweep_seed2,Transformer,PA-Sweep,2,roundhouse,0.516,0.64,0.5713494809688581,25
transformer_pa_sweep_seed2,Transformer,PA-Sweep,2,axe,0.795,0.756,0.7750096711798838,41
transformer_pa_oracle_seed2,Transformer,PA-Oracle,2,front,0.684,0.684,0.684,38
transformer_pa_oracle_seed2,Transformer,PA-Oracle,2,roundhouse,0.577,0.6,0.5882752761257433,25
transformer_pa_oracle_seed2,Transformer,PA-Oracle,2,axe,0.85,0.829,0.8393686718284694,41
transformer_pa_singlehypothesis_seed2,Transformer,PA-SingleHypothesis,2,front,0.676,0.658,0.6668785607196402,38
transformer_pa_singlehypothesis_seed2,Transformer,PA-SingleHypothesis,2,roundhouse,0.517,0.6,0.5554162936436884,25
transformer_pa_singlehypothesis_seed2,Transformer,PA-SingleHypothesis,2,axe,0.816,0.756,0.784854961832061,41
