experiment_id,family,setting,seed,n,accuracy,macro_f1,weighted_f1,balanced_accuracy,status,checkpoint_path,log_path,command
lstm_uni_argmax_seed0,LSTM,UNI-Argmax,0,104,0.779,0.769,0.78,0.771,completed,<PROJECT_ROOT>\models\checkpoints\sample_level\sample_lstm_uniform_seed0.pt,<PROJECT_ROOT>\outputs\results\logs\lstm_uni_argmax_seed0.txt,<PROJECT_ROOT>\.venv311\Scripts\python.exe <PROJECT_ROOT>\scripts\eval_kick3_baselines.py --ckpt <PROJECT_ROOT>\models\checkpoints\sample_level\sample_lstm_uniform_seed0.pt --split val --align uniform --decision argmax --device cpu --seq_root <PROJECT_ROOT>\data\sequences
lstm_pa_sweep_seed0,LSTM,PA-Sweep,0,104,0.702,0.678,0.699,0.674,completed,<PROJECT_ROOT>\models\checkpoints\sample_level\sample_lstm_phase_seed0.pt,<PROJECT_ROOT>\outputs\results\logs\lstm_pa_sweep_seed0.txt,<PROJECT_ROOT>\.venv311\Scripts\python.exe <PROJECT_ROOT>\scripts\eval_kick3_baselines.py --ckpt <PROJECT_ROOT>\models\checkpoints\sample_level\sample_lstm_phase_seed0.pt --split val --align phase --decision sweep --device cpu --seq_root <PROJECT_ROOT>\data\sequences
lstm_uni_argmax_seed1,LSTM,UNI-Argmax,1,104,0.74,0.728,0.741,0.728,completed,<PROJECT_ROOT>\models\checkpoints\sample_level\sample_lstm_uniform_seed1.pt,<PROJECT_ROOT>\outputs\results\logs\lstm_uni_argmax_seed1.txt,<PROJECT_ROOT>\.venv311\Scripts\python.exe <PROJECT_ROOT>\scripts\eval_kick3_baselines.py --ckpt <PROJECT_ROOT>\models\checkpoints\sample_level\sample_lstm_uniform_seed1.pt --split val --align uniform --decision argmax --device cpu --seq_root <PROJECT_ROOT>\data\sequences
lstm_pa_sweep_seed1,LSTM,PA-Sweep,1,104,0.721,0.713,0.721,0.719,completed,<PROJECT_ROOT>\models\checkpoints\sample_level\sample_lstm_phase_seed1.pt,<PROJECT_ROOT>\outputs\results\logs\lstm_pa_sweep_seed1.txt,<PROJECT_ROOT>\.venv311\Scripts\python.exe <PROJECT_ROOT>\scripts\eval_kick3_baselines.py --ckpt <PROJECT_ROOT>\models\checkpoints\sample_level\sample_lstm_phase_seed1.pt --split val --align phase --decision sweep --device cpu --seq_root <PROJECT_ROOT>\data\sequences
lstm_uni_argmax_seed2,LSTM,UNI-Argmax,2,104,0.74,0.732,0.738,0.735,completed,<PROJECT_ROOT>\models\checkpoints\sample_level\sample_lstm_uniform_seed2.pt,<PROJECT_ROOT>\outputs\results\logs\lstm_uni_argmax_seed2.txt,<PROJECT_ROOT>\.venv311\Scripts\python.exe <PROJECT_ROOT>\scripts\eval_kick3_baselines.py --ckpt <PROJECT_ROOT>\models\checkpoints\sample_level\sample_lstm_uniform_seed2.pt --split val --align uniform --decision argmax --device cpu --seq_root <PROJECT_ROOT>\data\sequences
lstm_pa_sweep_seed2,LSTM,PA-Sweep,2,104,0.712,0.706,0.713,0.716,completed,<PROJECT_ROOT>\models\checkpoints\sample_level\sample_lstm_phase_seed2.pt,<PROJECT_ROOT>\outputs\results\logs\lstm_pa_sweep_seed2.txt,<PROJECT_ROOT>\.venv311\Scripts\python.exe <PROJECT_ROOT>\scripts\eval_kick3_baselines.py --ckpt <PROJECT_ROOT>\models\checkpoints\sample_level\sample_lstm_phase_seed2.pt --split val --align phase --decision sweep --device cpu --seq_root <PROJECT_ROOT>\data\sequences
gcn_uni_argmax_seed0,GCN,UNI-Argmax,0,104,0.519,0.517,0.526,0.529,completed,<PROJECT_ROOT>\models\checkpoints\sample_level\sample_gcn_uniform_seed0.pt,<PROJECT_ROOT>\outputs\results\logs\gcn_uni_argmax_seed0.txt,<PROJECT_ROOT>\.venv311\Scripts\python.exe <PROJECT_ROOT>\scripts\eval_kick3_baselines.py --ckpt <PROJECT_ROOT>\models\checkpoints\sample_level\sample_gcn_uniform_seed0.pt --split val --align uniform --decision argmax --device cpu --seq_root <PROJECT_ROOT>\data\sequences
gcn_pa_sweep_seed0,GCN,PA-Sweep,0,104,0.5,0.496,0.501,0.506,completed,<PROJECT_ROOT>\models\checkpoints\sample_level\sample_gcn_phase_seed0.pt,<PROJECT_ROOT>\outputs\results\logs\gcn_pa_sweep_seed0.txt,<PROJECT_ROOT>\.venv311\Scripts\python.exe <PROJECT_ROOT>\scripts\eval_kick3_baselines.py --ckpt <PROJECT_ROOT>\models\checkpoints\sample_level\sample_gcn_phase_seed0.pt --split val --align phase --decision sweep --device cpu --seq_root <PROJECT_ROOT>\data\sequences
gcn_uni_argmax_seed1,GCN,UNI-Argmax,1,104,0.5,0.484,0.487,0.493,completed,<PROJECT_ROOT>\models\checkpoints\sample_level\sample_gcn_uniform_seed1.pt,<PROJECT_ROOT>\outputs\results\logs\gcn_uni_argmax_seed1.txt,<PROJECT_ROOT>\.venv311\Scripts\python.exe <PROJECT_ROOT>\scripts\eval_kick3_baselines.py --ckpt <PROJECT_ROOT>\models\checkpoints\sample_level\sample_gcn_uniform_seed1.pt --split val --align uniform --decision argmax --device cpu --seq_root <PROJECT_ROOT>\data\sequences
gcn_pa_sweep_seed1,GCN,PA-Sweep,1,104,0.5,0.482,0.491,0.486,completed,<PROJECT_ROOT>\models\checkpoints\sample_level\sample_gcn_phase_seed1.pt,<PROJECT_ROOT>\outputs\results\logs\gcn_pa_sweep_seed1.txt,<PROJECT_ROOT>\.venv311\Scripts\python.exe <PROJECT_ROOT>\scripts\eval_kick3_baselines.py --ckpt <PROJECT_ROOT>\models\checkpoints\sample_level\sample_gcn_phase_seed1.pt --split val --align phase --decision sweep --device cpu --seq_root <PROJECT_ROOT>\data\sequences
gcn_uni_argmax_seed2,GCN,UNI-Argmax,2,104,0.5,0.502,0.499,0.518,completed,<PROJECT_ROOT>\models\checkpoints\sample_level\sample_gcn_uniform_seed2.pt,<PROJECT_ROOT>\outputs\results\logs\gcn_uni_argmax_seed2.txt,<PROJECT_ROOT>\.venv311\Scripts\python.exe <PROJECT_ROOT>\scripts\eval_kick3_baselines.py --ckpt <PROJECT_ROOT>\models\checkpoints\sample_level\sample_gcn_uniform_seed2.pt --split val --align uniform --decision argmax --device cpu --seq_root <PROJECT_ROOT>\data\sequences
gcn_pa_sweep_seed2,GCN,PA-Sweep,2,104,0.529,0.52,0.521,0.544,completed,<PROJECT_ROOT>\models\checkpoints\sample_level\sample_gcn_phase_seed2.pt,<PROJECT_ROOT>\outputs\results\logs\gcn_pa_sweep_seed2.txt,<PROJECT_ROOT>\.venv311\Scripts\python.exe <PROJECT_ROOT>\scripts\eval_kick3_baselines.py --ckpt <PROJECT_ROOT>\models\checkpoints\sample_level\sample_gcn_phase_seed2.pt --split val --align phase --decision sweep --device cpu --seq_root <PROJECT_ROOT>\data\sequences
transformer_uni_argmax_seed0,Transformer,UNI-Argmax,0,104,0.644,0.6285376540556579,0.6382597270923819,0.6303333333333333,completed,<PROJECT_ROOT>\models\checkpoints\sample_level\sample_transformer_uniform_seed0.pt,<PROJECT_ROOT>\outputs\results\logs\transformer_uni_argmax_seed0.txt,<PROJECT_ROOT>\.venv311\Scripts\python.exe <PROJECT_ROOT>\scripts\eval_val_confusion_v3.py --ckpt <PROJECT_ROOT>\models\checkpoints\sample_level\sample_transformer_uniform_seed0.pt --split val --align uniform --decision argmax --device cpu
transformer_pa_sweep_seed0,Transformer,PA-Sweep,0,104,0.683,0.6734899810481627,0.6906791577115409,0.677,completed,<PROJECT_ROOT>\models\checkpoints\sample_level\sample_transformer_phase_seed0.pt,<PROJECT_ROOT>\outputs\results\logs\transformer_pa_sweep_seed0.txt,<PROJECT_ROOT>\.venv311\Scripts\python.exe <PROJECT_ROOT>\scripts\eval_val_confusion_v3.py --ckpt <PROJECT_ROOT>\models\checkpoints\sample_level\sample_transformer_phase_seed0.pt --split val --align phase --decision sweep --device cpu
transformer_pa_oracle_seed0,Transformer,PA-Oracle,0,104,0.683,0.6734899810481627,0.6906791577115409,0.677,completed,<PROJECT_ROOT>\models\checkpoints\sample_level\sample_transformer_phase_seed0.pt,<PROJECT_ROOT>\outputs\results\logs\transformer_pa_oracle_seed0.txt,<PROJECT_ROOT>\.venv311\Scripts\python.exe <PROJECT_ROOT>\scripts\eval_val_confusion_v3.py --ckpt <PROJECT_ROOT>\models\checkpoints\sample_level\sample_transformer_phase_seed0.pt --split val --align gt --decision argmax --device cpu
transformer_pa_singlehypothesis_seed0,Transformer,PA-SingleHypothesis,0,104,0.635,0.628823351153372,0.6414881315008285,0.636,completed,<PROJECT_ROOT>\models\checkpoints\sample_level\sample_transformer_phase_seed0.pt,<PROJECT_ROOT>\outputs\results\logs\transformer_pa_singlehypothesis_seed0.txt,<PROJECT_ROOT>\.venv311\Scripts\python.exe <PROJECT_ROOT>\scripts\eval_val_confusion_v3.py --ckpt <PROJECT_ROOT>\models\checkpoints\sample_level\sample_transformer_phase_seed0.pt --split val --align phase --decision two_pass --device cpu
transformer_uni_argmax_seed1,Transformer,UNI-Argmax,1,104,0.625,0.5927180011887137,0.6137801379289977,0.594,completed,<PROJECT_ROOT>\models\checkpoints\sample_level\sample_transformer_uniform_seed1.pt,<PROJECT_ROOT>\outputs\results\logs\transformer_uni_argmax_seed1.txt,<PROJECT_ROOT>\.venv311\Scripts\python.exe <PROJECT_ROOT>\scripts\eval_val_confusion_v3.py --ckpt <PROJECT_ROOT>\models\checkpoints\sample_level\sample_transformer_uniform_seed1.pt --split val --align uniform --decision argmax --device cpu
transformer_pa_sweep_seed1,Transformer,PA-Sweep,1,104,0.654,0.6498064284788175,0.6598579163938605,0.6573333333333333,completed,<PROJECT_ROOT>\models\checkpoints\sample_level\sample_transformer_phase_seed1.pt,<PROJECT_ROOT>\outputs\results\logs\transformer_pa_sweep_seed1.txt,<PROJECT_ROOT>\.venv311\Scripts\python.exe <PROJECT_ROOT>\scripts\eval_val_confusion_v3.py --ckpt <PROJECT_ROOT>\models\checkpoints\sample_level\sample_transformer_phase_seed1.pt --split val --align phase --decision sweep --device cpu
transformer_pa_oracle_seed1,Transformer,PA-Oracle,1,104,0.673,0.6660974059921173,0.6788957202010573,0.673,completed,<PROJECT_ROOT>\models\checkpoints\sample_level\sample_transformer_phase_seed1.pt,<PROJECT_ROOT>\outputs\results\logs\transformer_pa_oracle_seed1.txt,<PROJECT_ROOT>\.venv311\Scripts\python.exe <PROJECT_ROOT>\scripts\eval_val_confusion_v3.py --ckpt <PROJECT_ROOT>\models\checkpoints\sample_level\sample_transformer_phase_seed1.pt --split val --align gt --decision argmax --device cpu
transformer_pa_singlehypothesis_seed1,Transformer,PA-SingleHypothesis,1,104,0.644,0.6389379523607465,0.6488388759945984,0.648,completed,<PROJECT_ROOT>\models\checkpoints\sample_level\sample_transformer_phase_seed1.pt,<PROJECT_ROOT>\outputs\results\logs\transformer_pa_singlehypothesis_seed1.txt,<PROJECT_ROOT>\.venv311\Scripts\python.exe <PROJECT_ROOT>\scripts\eval_val_confusion_v3.py --ckpt <PROJECT_ROOT>\models\checkpoints\sample_level\sample_transformer_phase_seed1.pt --split val --align phase --decision two_pass --device cpu
transformer_uni_argmax_seed2,Transformer,UNI-Argmax,2,104,0.596,0.5922780412455131,0.6020731719064875,0.601,completed,<PROJECT_ROOT>\models\checkpoints\sample_level\sample_transformer_uniform_seed2.pt,<PROJECT_ROOT>\outputs\results\logs\transformer_uni_argmax_seed2.txt,<PROJECT_ROOT>\.venv311\Scripts\python.exe <PROJECT_ROOT>\scripts\eval_val_confusion_v3.py --ckpt <PROJECT_ROOT>\models\checkpoints\sample_level\sample_transformer_uniform_seed2.pt --split val --align uniform --decision argmax --device cpu
transformer_pa_sweep_seed2,Transformer,PA-Sweep,2,104,0.683,0.6711042714437011,0.6865708913992926,0.676,completed,<PROJECT_ROOT>\models\checkpoints\sample_level\sample_transformer_phase_seed2.pt,<PROJECT_ROOT>\outputs\results\logs\transformer_pa_sweep_seed2.txt,<PROJECT_ROOT>\.venv311\Scripts\python.exe <PROJECT_ROOT>\scripts\eval_val_confusion_v3.py --ckpt <PROJECT_ROOT>\models\checkpoints\sample_level\sample_transformer_phase_seed2.pt --split val --align phase --decision sweep --device cpu
transformer_pa_oracle_seed2,Transformer,PA-Oracle,2,104,0.721,0.7038813159847376,0.7222403600779888,0.7043333333333334,completed,<PROJECT_ROOT>\models\checkpoints\sample_level\sample_transformer_phase_seed2.pt,<PROJECT_ROOT>\outputs\results\logs\transformer_pa_oracle_seed2.txt,<PROJECT_ROOT>\.venv311\Scripts\python.exe <PROJECT_ROOT>\scripts\eval_val_confusion_v3.py --ckpt <PROJECT_ROOT>\models\checkpoints\sample_level\sample_transformer_phase_seed2.pt --split val --align gt --decision argmax --device cpu
transformer_pa_singlehypothesis_seed2,Transformer,PA-SingleHypothesis,2,104,0.683,0.6690499387317965,0.6865946738803177,0.6713333333333334,completed,<PROJECT_ROOT>\models\checkpoints\sample_level\sample_transformer_phase_seed2.pt,<PROJECT_ROOT>\outputs\results\logs\transformer_pa_singlehypothesis_seed2.txt,<PROJECT_ROOT>\.venv311\Scripts\python.exe <PROJECT_ROOT>\scripts\eval_val_confusion_v3.py --ckpt <PROJECT_ROOT>\models\checkpoints\sample_level\sample_transformer_phase_seed2.pt --split val --align phase --decision two_pass --device cpu
