npz,accuracy_4,expression_6,total_10,HK_A1,HK_A2,HK_A3,HK_A4,EX_E1,EX_E2,EX_E3,EX_E4,T,fps,valid_ratio,t_impact,right_left_path_ratio,elbow_angle_deg,elbow_level,forearm_tilt,fist_height,reach,shoulder_turn,hip_turn,guard_dist,recovery,base_sway,speed,power,smoothness
data\sequences_hook\test\hook_right\Dam_moc_phai_12.npz,3.577,5.942,9.52,1.098,1.145,0.8,0.535,2.2,1.8,0.942,1.0,18,30.0,1.0,11,0.9101,107.0787,0.0273,0.5449,0.5722,0.8541,0.2648,0.24,0.3666,0.4829,0.2562,8.6887,8.0213,0.5706
data\sequences_hook\test\hook_right\Dam_moc_phai_23.npz,2.726,5.122,7.849,0.544,0.789,0.794,0.6,1.883,1.659,0.58,1.0,18,30.0,1.0,10,3.6911,164.0603,0.1927,0.3787,0.5714,1.2022,0.1985,0.0527,0.4031,0.3326,0.116,6.6615,6.5666,0.716
data\sequences_hook\test\hook_right\Dam_moc_phai_3.npz,3.714,4.746,8.46,1.233,1.2,0.8,0.481,1.606,1.465,1.0,0.675,18,30.0,0.9537,13,3.1714,85.9684,0.2333,0.3906,0.6239,1.0573,0.8443,0.4388,0.3068,0.1912,0.2651,6.2085,6.1988,0.468
data\sequences_hook\test\hook_right\Dam_moc_phai_7.npz,3.045,5.359,8.404,1.201,0.444,0.8,0.6,2.2,1.8,0.359,1.0,18,30.0,1.0,12,2.3106,99.497,0.1452,0.4277,0.573,1.2701,0.0852,0.0822,0.3564,0.28,0.1557,7.5989,7.0284,0.5672
data\sequences_hook\train\hook_right\Dam_moc_phai_1.npz,2.161,5.321,7.483,0.35,0.557,0.8,0.455,2.2,1.8,0.462,0.859,18,30.0,1.0,11,2.2203,178.8258,-0.492,0.1113,-0.6033,0.7565,0.0965,0.1234,0.349,0.2084,0.3109,9.0027,8.3966,0.5193
data\sequences_hook\train\hook_right\Dam_moc_phai_10.npz,3.39,4.822,8.213,1.177,0.89,0.723,0.6,1.531,1.614,0.677,1.0,18,30.0,1.0,9,3.2498,115.8584,0.136,0.4391,0.5751,1.1816,0.2406,0.0961,0.4385,0.344,0.1582,6.0868,6.4824,0.6446
data\sequences_hook\train\hook_right\Dam_moc_phai_13.npz,3.717,6.0,9.717,1.117,1.2,0.8,0.6,2.2,1.8,1.0,1.0,18,30.0,1.0,9,2.754,103.827,0.038,0.523,0.5609,1.2141,0.4708,0.5469,0.3872,0.3577,0.1788,9.039,8.4566,0.6237
data\sequences_hook\train\hook_right\Dam_moc_phai_14.npz,3.694,6.0,9.694,1.094,1.2,0.8,0.6,2.2,1.8,1.0,1.0,18,30.0,1.0,12,2.3658,90.5641,-0.0231,0.5497,0.5266,0.7673,0.3802,0.3031,0.3348,0.2983,0.1848,9.254,8.243,0.7766
data\sequences_hook\train\hook_right\Dam_moc_phai_15.npz,3.595,5.156,8.751,1.25,1.2,0.8,0.345,2.038,1.65,1.0,0.468,18,30.0,0.963,13,2.725,94.9212,0.1633,0.3709,0.5342,1.0468,0.8568,0.9673,0.3261,0.0696,0.2102,6.914,6.5494,0.4102
data\sequences_hook\train\hook_right\Dam_moc_phai_16.npz,3.352,5.887,9.239,1.199,1.2,0.8,0.152,2.2,1.8,1.0,0.887,19,30.0,0.9737,18,2.9064,85.533,0.0843,0.4293,0.5136,0.8882,0.9244,0.4976,0.3154,0.0,0.2748,7.4808,7.0735,0.5273
data\sequences_hook\train\hook_right\Dam_moc_phai_17.npz,3.617,5.894,9.511,1.055,1.2,0.8,0.561,2.112,1.782,1.0,1.0,18,30.0,1.0,6,3.0469,115.3389,-0.4395,0.1458,-0.5852,0.6214,0.5927,0.8115,0.3222,0.194,0.1678,7.0344,6.801,0.6797
data\sequences_hook\train\hook_right\Dam_moc_phai_18.npz,3.531,5.803,9.334,1.131,1.032,0.8,0.569,2.2,1.8,0.883,0.92,18,30.0,1.0,14,2.876,119.2805,0.2312,0.4319,0.6631,1.2194,0.1574,0.3439,0.3138,0.1987,0.1669,7.8188,7.2304,0.5363
data\sequences_hook\train\hook_right\Dam_moc_phai_2.npz,2.959,5.834,8.793,0.586,1.032,0.8,0.542,2.2,1.8,0.834,1.0,18,30.0,1.0,12,2.9345,144.8352,-0.4852,0.049,-0.5342,0.7542,0.1977,0.1915,0.2793,0.2263,0.2503,8.2423,8.5281,0.6371
data\sequences_hook\train\hook_right\Dam_moc_phai_20.npz,3.086,5.245,8.331,1.192,0.651,0.8,0.442,2.133,1.8,0.619,0.693,18,30.0,1.0,14,2.9648,108.7264,0.1976,0.4374,0.6349,0.8366,0.0489,0.3026,0.3827,0.174,0.2734,7.0689,6.8687,0.473
data\sequences_hook\train\hook_right\Dam_moc_phai_21.npz,3.271,5.547,8.818,1.211,0.697,0.783,0.58,2.2,1.8,0.547,1.0,18,30.0,1.0,11,3.5597,84.3894,0.0671,0.4163,0.4833,1.1458,0.1471,0.1026,0.4086,0.2055,0.1924,7.2384,6.9723,0.9243
data\sequences_hook\train\hook_right\Dam_moc_phai_24.npz,2.668,5.081,7.75,0.506,0.847,0.8,0.516,1.919,1.522,0.67,0.97,18,30.0,1.0,13,3.0882,172.3512,0.0852,0.4223,0.5075,1.1155,0.1739,0.1341,0.3807,0.1667,0.1675,6.7204,6.3067,0.5503
data\sequences_hook\train\hook_right\Dam_moc_phai_4.npz,3.344,5.798,9.142,1.195,1.2,0.8,0.15,2.163,1.708,1.0,0.927,19,30.0,0.9825,18,2.3913,83.3096,0.073,0.4346,0.5076,0.8647,0.905,0.5253,0.2973,0.0,0.2772,7.1179,6.6606,0.5383
data\sequences_hook\train\hook_right\Dam_moc_phai_6.npz,3.61,5.696,9.306,1.117,1.128,0.8,0.564,2.2,1.779,0.95,0.767,23,30.0,1.0,16,2.592,121.3623,0.2458,0.4098,0.6556,0.8028,0.1849,0.3264,0.3608,0.3268,0.2314,7.3428,6.7953,0.4936
data\sequences_hook\train\hook_right\Dam_moc_phai_8.npz,3.121,5.544,8.665,1.207,0.579,0.8,0.534,2.2,1.8,0.544,1.0,20,30.0,1.0,13,3.0115,110.4232,0.2131,0.4201,0.6332,0.9694,0.0486,0.2309,0.393,0.3657,0.2563,7.2578,7.0383,0.568
data\sequences_hook\train\hook_right\Dam_moc_phai_9.npz,3.485,5.096,8.581,1.198,0.976,0.8,0.512,1.741,1.511,0.845,1.0,23,30.0,1.0,17,2.8471,83.2603,0.054,0.4313,0.4853,0.7345,0.1415,0.4042,0.4002,0.3379,0.2752,6.4289,6.2857,0.606
data\sequences_hook\val\hook_right\Dam_moc_phai_11.npz,2.001,4.216,6.217,0.699,0.141,0.8,0.361,1.777,1.442,0.121,0.877,20,30.0,1.0,17,3.8873,148.1744,0.1062,0.411,0.5171,0.8352,0.0215,0.0372,0.3692,0.0729,0.1817,6.4882,6.1545,0.5243
data\sequences_hook\val\hook_right\Dam_moc_phai_19.npz,3.243,5.295,8.539,1.083,0.91,0.8,0.45,2.2,1.8,0.698,0.597,21,30.0,1.0,16,2.9323,121.447,0.2342,0.4474,0.6816,1.0044,0.2138,0.1074,0.3515,0.2959,0.3273,8.5251,7.9823,0.4463
data\sequences_hook\val\hook_right\Dam_moc_phai_22.npz,3.403,4.575,7.978,1.192,0.872,0.738,0.6,1.614,1.606,0.658,0.697,18,30.0,1.0,12,3.2593,112.0312,0.1361,0.4372,0.5733,1.1895,0.2123,0.086,0.4309,0.2763,0.1625,6.2221,6.4661,0.4741
data\sequences_hook\val\hook_right\Dam_moc_phai_5.npz,3.392,5.784,9.176,0.95,1.2,0.8,0.443,2.096,1.687,1.0,1.0,18,30.0,1.0,6,2.3259,121.9689,-0.442,0.1555,-0.5975,0.6202,0.5654,0.7917,0.3196,0.1224,0.1678,7.0092,6.6209,0.7355
