clip,split,class,npz,frames_total,win_s,win_e,frames_used,attack_wrist,invalid_for_scoring,reason,status
Dam moc phai (1).mp4,train,hook_right,data\sequences_hook\train\hook_right\Dam_moc_phai_1.npz,30,12,29,18,R,0,,extracted
Dam moc phai (2).mp4,train,hook_right,data\sequences_hook\train\hook_right\Dam_moc_phai_2.npz,30,12,29,18,R,0,,extracted
Dam moc phai (3).mp4,test,hook_right,data\sequences_hook\test\hook_right\Dam_moc_phai_3.npz,30,8,25,18,R,0,,extracted
Dam moc phai (4).mp4,train,hook_right,data\sequences_hook\train\hook_right\Dam_moc_phai_4.npz,60,20,38,19,R,0,,extracted
Dam moc phai (5).mp4,val,hook_right,data\sequences_hook\val\hook_right\Dam_moc_phai_5.npz,30,1,18,18,R,0,,extracted
Dam moc phai (6).mp4,train,hook_right,data\sequences_hook\train\hook_right\Dam_moc_phai_6.npz,60,16,38,23,R,0,,extracted
Dam moc phai (7).mp4,test,hook_right,data\sequences_hook\test\hook_right\Dam_moc_phai_7.npz,60,5,22,18,R,0,,extracted
Dam moc phai (8).mp4,train,hook_right,data\sequences_hook\train\hook_right\Dam_moc_phai_8.npz,60,5,24,20,R,0,,extracted
Dam moc phai (9).mp4,train,hook_right,data\sequences_hook\train\hook_right\Dam_moc_phai_9.npz,60,5,27,23,R,0,,extracted
Dam moc phai (10).mp4,train,hook_right,data\sequences_hook\train\hook_right\Dam_moc_phai_10.npz,30,0,17,18,R,0,,extracted
Dam moc phai (11).mp4,val,hook_right,data\sequences_hook\val\hook_right\Dam_moc_phai_11.npz,60,17,36,20,R,0,,extracted
Dam moc phai (12).mp4,test,hook_right,data\sequences_hook\test\hook_right\Dam_moc_phai_12.npz,48,26,43,18,R,0,,extracted
Dam moc phai (13).mp4,train,hook_right,data\sequences_hook\train\hook_right\Dam_moc_phai_13.npz,27,0,17,18,R,0,,extracted
Dam moc phai (14).mp4,train,hook_right,data\sequences_hook\train\hook_right\Dam_moc_phai_14.npz,33,1,18,18,R,0,,extracted
Dam moc phai (15).mp4,train,hook_right,data\sequences_hook\train\hook_right\Dam_moc_phai_15.npz,39,1,18,18,R,0,,extracted
Dam moc phai (16).mp4,train,hook_right,data\sequences_hook\train\hook_right\Dam_moc_phai_16.npz,51,6,24,19,R,0,,extracted
Dam moc phai (17).mp4,train,hook_right,data\sequences_hook\train\hook_right\Dam_moc_phai_17.npz,48,2,19,18,R,0,,extracted
Dam moc phai (18).mp4,train,hook_right,data\sequences_hook\train\hook_right\Dam_moc_phai_18.npz,45,1,18,18,R,0,,extracted
Dam moc phai (19).mp4,val,hook_right,data\sequences_hook\val\hook_right\Dam_moc_phai_19.npz,51,9,29,21,R,0,,extracted
Dam moc phai (20).mp4,train,hook_right,data\sequences_hook\train\hook_right\Dam_moc_phai_20.npz,48,5,22,18,R,0,,extracted
Dam moc phai (21).mp4,train,hook_right,data\sequences_hook\train\hook_right\Dam_moc_phai_21.npz,45,9,26,18,R,0,,extracted
Dam moc phai (22).mp4,val,hook_right,data\sequences_hook\val\hook_right\Dam_moc_phai_22.npz,45,10,27,18,R,0,,extracted
Dam moc phai (23).mp4,test,hook_right,data\sequences_hook\test\hook_right\Dam_moc_phai_23.npz,48,8,25,18,R,0,,extracted
Dam moc phai (24).mp4,train,hook_right,data\sequences_hook\train\hook_right\Dam_moc_phai_24.npz,45,1,18,18,R,0,,extracted
