video,label,action,segments,reps,valid,total_median,total_p25,total_p75,total_min,total_max,acc_median,expr_median
Tự Học Taekwondo Tại Nhà - Bài Căn Bản Đầu Tiên Cho Người Mới #1.mp4,Xoay cổ chân đá (phải),roundhouse,2,21,21,6.18,5.76,6.36,4.85,6.84,1.36,4.78
Tự Học Taekwondo Tại Nhà - Bài Căn Bản Số 2.mp4,Đỡ cao (trái),high_block,2,25,25,7.59,7.17,7.91,5.66,8.05,3.19,4.32
Tự Học Taekwondo Tại Nhà - Bài Căn Bản Số 2.mp4,Đá trước cao (phải),front,2,31,31,8.51,6.60,8.61,6.20,8.74,3.51,5.00
Tự Học Taekwondo Tại Nhà - Bài Căn Bản Số 2.mp4,Đấm móc (trái),hook,2,36,36,7.97,6.20,9.30,4.93,9.92,3.32,4.76
Tự Học Taekwondo Tại Nhà - Bài Căn Bản Số 2.mp4,Xoay cổ đá vòng cầu (trái),roundhouse,2,24,24,6.41,6.36,6.68,4.78,7.33,1.41,5.00
Tự Học Taekwondo Tại Nhà - Bài Căn Bản Số 2.mp4,Bước mở chân – chém cạnh 2 tay,knife_block,2,26,26,8.37,8.10,8.87,7.72,9.24,3.09,5.27
Tự Học Taekwondo Tại Nhà - Bài Căn Bản Số 2.mp4,Bước mở chân – chém đao 1 tay,knife_strike,2,25,25,8.27,7.79,8.55,7.02,9.22,3.39,4.89
Tự học võ tại nhà Taekwondo #3 - Learn Taekwondo At Home - Taekwondo 태권도 - VinKungfu.mp4,Đấm vòng (phải),hook,2,46,45,8.42,7.89,9.00,7.20,9.92,3.63,5.03
Tự học võ tại nhà Taekwondo #3 - Learn Taekwondo At Home - Taekwondo 태권도 - VinKungfu.mp4,Đá sau (phải),back,2,32,32,8.54,8.40,8.60,7.78,8.74,3.54,5.00
Tự học võ tại nhà Taekwondo #3 - Learn Taekwondo At Home - Taekwondo 태권도 - VinKungfu.mp4,Bước gạt thấp (trái),low_block,2,25,20,7.42,6.13,7.74,5.74,8.04,3.39,4.05
Tự học võ tại nhà Taekwondo #3 - Learn Taekwondo At Home - Taekwondo 태권도 - VinKungfu.mp4,Đá gập vòng (phải),hook_kick,2,23,23,7.28,6.99,7.60,6.67,7.69,2.28,5.00
Tự học võ tại nhà Taekwondo #3 - Learn Taekwondo At Home - Taekwondo 태권도 - VinKungfu.mp4,Đấm vòng (trái),hook,2,60,58,8.98,7.58,9.62,3.47,10.00,3.60,5.34
Tự học võ tại nhà Taekwondo #4 - Learn Taekwondo At Home - Taekwondo 태권도 - VinKungfu.mp4,Đá gập vòng (trái),hook_kick,2,24,24,7.47,7.15,7.58,6.64,7.83,2.47,5.00
Tự học võ tại nhà Taekwondo #4 - Learn Taekwondo At Home - Taekwondo 태권도 - VinKungfu.mp4,Đá ức ngang (phải),push,2,27,27,7.39,6.11,7.94,5.08,7.94,2.39,5.00
Tự học võ tại nhà Taekwondo #4 - Learn Taekwondo At Home - Taekwondo 태권도 - VinKungfu.mp4,Đấm móc (trái),hook,2,57,57,7.38,6.96,8.96,6.20,9.67,3.08,4.49
Tự học võ tại nhà Taekwondo #4 - Learn Taekwondo At Home - Taekwondo 태권도 - VinKungfu.mp4,Nhảy đá hất chân (phải),front,2,24,24,7.16,6.46,8.36,4.74,8.60,2.16,5.00
Tự học võ tại nhà Taekwondo #5 - Learn Taekwondo At Home - Taekwondo 태권도 - VinKungfu.mp4,Đá sau (trái),back,2,28,28,8.43,7.98,8.65,6.97,8.74,3.43,5.00
Tự học võ tại nhà Taekwondo #5 - Learn Taekwondo At Home - Taekwondo 태권도 - VinKungfu.mp4,Nhảy hất chân (trái),front,2,31,31,7.19,4.98,8.49,4.14,8.60,2.55,5.00
Tự học võ tại nhà Taekwondo #5 - Learn Taekwondo At Home - Taekwondo 태권도 - VinKungfu.mp4,Đá ức chân (trái),push,2,33,33,6.65,5.15,7.91,4.25,8.03,1.65,5.00
Tự học võ tại nhà Taekwondo #6 - Learn Taekwondo At Home - Taekwondo 태권도 - VinKungfu.mp4,Đá vòng cầu (phải),roundhouse,2,21,21,7.17,6.49,8.55,6.01,8.71,2.17,5.00
Tự học võ tại nhà Taekwondo #6 - Learn Taekwondo At Home - Taekwondo 태권도 - VinKungfu.mp4,Đấm trái – phải (thẳng),straight,2,31,25,7.31,5.55,7.59,3.95,8.76,2.84,4.47
Tự học võ tại nhà Taekwondo #6 - Learn Taekwondo At Home - Taekwondo 태권도 - VinKungfu.mp4,Bước gạt thấp (phải),low_block,2,29,19,7.84,7.50,8.16,4.72,8.52,2.88,4.59
Tự học võ tại nhà Taekwondo #6 - Learn Taekwondo At Home - Taekwondo 태권도 - VinKungfu.mp4,Đá ngang (phải),side,2,23,23,7.14,4.95,8.73,4.18,8.74,2.14,5.00
Tự học võ tại nhà Taekwondo #7 - Learn Taekwondo At Home - Taekwondo 태권도 - VinKungfu.mp4,Gạt thấp (trái) – đấm thẳng (phải),block_punch,2,31,20,7.01,6.24,7.45,4.96,8.29,2.39,4.44
Tự học võ tại nhà Taekwondo #7 - Learn Taekwondo At Home - Taekwondo 태권도 - VinKungfu.mp4,Đá vòng cầu thấp (phải),roundhouse_low,2,28,28,6.98,6.68,7.43,6.20,7.78,1.98,5.00
Tự học võ tại nhà Taekwondo #7 - Learn Taekwondo At Home - Taekwondo 태권도 - VinKungfu.mp4,Đá cạnh thấp (phải),side_low,2,25,25,7.06,6.71,8.09,4.85,8.60,2.16,5.00
Tự học võ tại nhà Taekwondo #7 - Learn Taekwondo At Home - Taekwondo 태권도 - VinKungfu.mp4,Co đá song phi (phải),front,2,26,26,8.15,5.13,8.46,4.51,8.60,3.15,5.00
Tự học võ tại nhà Taekwondo #8 - Learn Taekwondo At Home - Taekwondo 태권도 - VinKungfu.mp4,Rộng chân – đấm thẳng,horse_punch,2,39,30,6.67,5.92,7.68,4.34,9.15,3.26,3.95
Tự học võ tại nhà Taekwondo #8 - Learn Taekwondo At Home - Taekwondo 태권도 - VinKungfu.mp4,Đá ngang (phải),side,2,20,20,7.83,6.76,8.64,4.62,8.74,2.83,5.00
Tự học võ tại nhà Taekwondo #8 - Learn Taekwondo At Home - Taekwondo 태권도 - VinKungfu.mp4,Ngả người – đá ức chân (trái),push,2,26,26,7.67,7.21,7.80,5.75,7.95,2.67,5.00
Tự học võ tại nhà Taekwondo #9 - Learn Taekwondo At Home - Taekwondo 태권도 - VinKungfu.mp4,Đứng trung bình tấn,horse_stance,2,18,11,9.84,9.38,9.86,6.68,9.89,3.86,6.00
Tự học võ tại nhà Taekwondo #9 - Learn Taekwondo At Home - Taekwondo 태권도 - VinKungfu.mp4,Nhảy tiến – lùi,footwork,2,58,58,7.02,6.43,7.75,5.86,9.37,3.06,4.00
Tự học võ tại nhà Taekwondo #9 - Learn Taekwondo At Home - Taekwondo 태권도 - VinKungfu.mp4,Nhảy lùi – đá trước (phải),front,2,17,17,7.96,6.39,7.96,4.58,8.60,2.96,5.00
Tự học võ tại nhà Taekwondo #10 - Learn Taekwondo At Home - Taekwondo 태권도 - VinKungfu.mp4,Đá ngang thấp – cao (phải),side,2,22,22,8.54,8.09,8.68,7.03,8.72,3.54,5.00
Tự học võ tại nhà Taekwondo #10 - Learn Taekwondo At Home - Taekwondo 태권도 - VinKungfu.mp4,Bước chọc mũi tay (trái),spear_hand,2,24,14,5.56,4.25,8.36,2.46,9.23,2.78,3.17
Tự học võ tại nhà Taekwondo #10 - Learn Taekwondo At Home - Taekwondo 태권도 - VinKungfu.mp4,Gạt thấp (trái) – đá trước (phải),block_kick,2,26,26,6.80,6.06,7.20,5.25,7.70,2.40,4.39
Tự học võ tại nhà Taekwondo #11 - Learn Taekwondo At Home - Taekwondo 태권도 - VinKungfu.mp4,Đá vòng cầu (phải),roundhouse,2,24,24,7.89,6.36,8.29,4.21,8.76,2.89,5.00
Tự học võ tại nhà Taekwondo #11 - Learn Taekwondo At Home - Taekwondo 태권도 - VinKungfu.mp4,Thủ thế thụt người,duck,2,38,38,9.25,9.11,9.44,8.55,9.81,3.48,5.81
Tự học võ tại nhà Taekwondo #11 - Learn Taekwondo At Home - Taekwondo 태권도 - VinKungfu.mp4,Tấn trước dài (trái),front_stance,2,18,9,6.24,5.26,7.48,2.62,8.22,1.09,4.63
Tự học võ tại nhà Taekwondo #11 - Learn Taekwondo At Home - Taekwondo 태권도 - VinKungfu.mp4,Tấn trước dài (phải),front_stance,2,18,18,9.36,9.15,9.49,5.67,9.75,3.55,5.85
Tự học võ tại nhà Taekwondo #11 - Learn Taekwondo At Home - Taekwondo 태권도 - VinKungfu.mp4,Thủ co gối (trái),knee_chamber,2,29,29,9.43,8.65,9.61,6.84,9.93,3.81,5.53
