sequence_path,source_video,class,frames_in_sequence,fps,pose_extraction_seconds,feature_preprocessing_seconds,recognition_inference_seconds,rule_based_scoring_seconds,feedback_rendering_seconds,total_processing_seconds,notes
E:\martial arts\tkd\TKD-Kick3_work\data\sequences\val\front\front_0146.npz,,front,74,29.96976089477539,,0.003464599954895675,0.006438900018110871,0.007237099984195083,,,"Feature, recognition, and scoring timed on the existing cleaned pose sequence."
E:\martial arts\tkd\TKD-Kick3_work\data\sequences\val\front\front_0198.npz,,front,83,29.00013542175293,,0.002489600039552897,0.0021421000128611922,0.005443099944386631,,,"Feature, recognition, and scoring timed on the existing cleaned pose sequence."
E:\martial arts\tkd\TKD-Kick3_work\data\sequences\val\front\front_0240.npz,,front,94,30.0,,0.003158199950121343,0.0020246999920345843,0.0059705000021494925,,,"Feature, recognition, and scoring timed on the existing cleaned pose sequence."
E:\martial arts\tkd\TKD-Kick3_work\data\sequences\val\front\front_0242.npz,,front,91,30.0,,0.002688799984753132,0.0023734000278636813,0.008035900013055652,,,"Feature, recognition, and scoring timed on the existing cleaned pose sequence."
E:\martial arts\tkd\TKD-Kick3_work\data\sequences\val\front\front_0248.npz,,front,98,30.0,,0.0029264999902807176,0.0018551000393927097,0.007289699977263808,,,"Feature, recognition, and scoring timed on the existing cleaned pose sequence."
E:\martial arts\tkd\TKD-Kick3_work\data\sequences\val\front\front_0278.npz,,front,115,30.0,,0.0038781999610364437,0.0020978000247851014,0.006536300003062934,,,"Feature, recognition, and scoring timed on the existing cleaned pose sequence."
E:\martial arts\tkd\TKD-Kick3_work\data\sequences\val\front\front_0280.npz,,front,63,30.0,,0.002011900010984391,0.0019329999922774732,0.006522500014398247,,,"Feature, recognition, and scoring timed on the existing cleaned pose sequence."
E:\martial arts\tkd\TKD-Kick3_work\data\sequences\val\front\front_0295.npz,,front,204,30.0,,0.006081799976527691,0.0023722000187262893,0.009585099993273616,,,"Feature, recognition, and scoring timed on the existing cleaned pose sequence."
E:\martial arts\tkd\TKD-Kick3_work\data\sequences\val\front\front_0300.npz,,front,424,30.0,,0.013175100029911846,0.0023871000157669187,0.017702799988910556,,,"Feature, recognition, and scoring timed on the existing cleaned pose sequence."
E:\martial arts\tkd\TKD-Kick3_work\data\sequences\val\front\front_0306.npz,,front,158,30.0,,0.005016900016926229,0.002133100002538413,0.01007189997471869,,,"Feature, recognition, and scoring timed on the existing cleaned pose sequence."
E:\martial arts\tkd\TKD-Kick3_work\data\sequences\val\roundhouse\roundhouse_0002.npz,,roundhouse,101,30.0,,0.00428190000820905,0.0027006000163964927,0.0076154000125825405,,,"Feature, recognition, and scoring timed on the existing cleaned pose sequence."
E:\martial arts\tkd\TKD-Kick3_work\data\sequences\val\roundhouse\roundhouse_0027.npz,,roundhouse,238,59.979671478271484,,0.007346400001551956,0.002155599999241531,0.011575100012123585,,,"Feature, recognition, and scoring timed on the existing cleaned pose sequence."
E:\martial arts\tkd\TKD-Kick3_work\data\sequences\val\roundhouse\roundhouse_0035.npz,,roundhouse,78,29.62025260925293,,0.003161999979056418,0.002287000010255724,0.006557399989105761,,,"Feature, recognition, and scoring timed on the existing cleaned pose sequence."
E:\martial arts\tkd\TKD-Kick3_work\data\sequences\val\roundhouse\roundhouse_0060.npz,,roundhouse,92,30.0,,0.004650200018659234,0.0022955999593250453,0.006587400042917579,,,"Feature, recognition, and scoring timed on the existing cleaned pose sequence."
E:\martial arts\tkd\TKD-Kick3_work\data\sequences\val\roundhouse\roundhouse_0061.npz,,roundhouse,79,30.0,,0.002844699949491769,0.002940500038675964,0.007507599948439747,,,"Feature, recognition, and scoring timed on the existing cleaned pose sequence."
E:\martial arts\tkd\TKD-Kick3_work\data\sequences\val\roundhouse\roundhouse_0064.npz,,roundhouse,222,60.0,,0.007506299996748567,0.003088099998421967,0.012586800032295287,,,"Feature, recognition, and scoring timed on the existing cleaned pose sequence."
E:\martial arts\tkd\TKD-Kick3_work\data\sequences\val\roundhouse\roundhouse_0114.npz,,roundhouse,129,30.085124969482422,,0.005704500013962388,0.0026254000258632004,0.009382199961692095,,,"Feature, recognition, and scoring timed on the existing cleaned pose sequence."
E:\martial arts\tkd\TKD-Kick3_work\data\sequences\val\roundhouse\roundhouse_0152.npz,,roundhouse,63,30.0,,0.002672300033736974,0.002106499974615872,0.004964300023857504,,,"Feature, recognition, and scoring timed on the existing cleaned pose sequence."
E:\martial arts\tkd\TKD-Kick3_work\data\sequences\val\roundhouse\roundhouse_0167.npz,,roundhouse,125,30.0,,0.003851699992083013,0.0023033000179566443,0.007269399997312576,,,"Feature, recognition, and scoring timed on the existing cleaned pose sequence."
E:\martial arts\tkd\TKD-Kick3_work\data\sequences\val\roundhouse\roundhouse_0171.npz,,roundhouse,126,30.0,,0.004361899977084249,0.0033574000117368996,0.007276299991644919,,,"Feature, recognition, and scoring timed on the existing cleaned pose sequence."
E:\martial arts\tkd\TKD-Kick3_work\data\sequences\val\axe\axe_0037.npz,,axe,63,30.0,,0.0019782999879680574,0.002453399996738881,0.00610870000673458,,,"Feature, recognition, and scoring timed on the existing cleaned pose sequence."
E:\martial arts\tkd\TKD-Kick3_work\data\sequences\val\axe\axe_0109.npz,,axe,78,30.0,,0.004042500047944486,0.002472599968314171,0.007512799988035113,,,"Feature, recognition, and scoring timed on the existing cleaned pose sequence."
E:\martial arts\tkd\TKD-Kick3_work\data\sequences\val\axe\axe_0112.npz,,axe,76,30.0,,0.00412190001225099,0.002621399995405227,0.007308200001716614,,,"Feature, recognition, and scoring timed on the existing cleaned pose sequence."
E:\martial arts\tkd\TKD-Kick3_work\data\sequences\val\axe\axe_0147.npz,,axe,101,29.964101791381836,,0.005430499964859337,0.0025377999991178513,0.008669100003316998,,,"Feature, recognition, and scoring timed on the existing cleaned pose sequence."
E:\martial arts\tkd\TKD-Kick3_work\data\sequences\val\axe\axe_0150.npz,,axe,109,29.978914260864258,,0.00362550001591444,0.0023406000109389424,0.007174899976234883,,,"Feature, recognition, and scoring timed on the existing cleaned pose sequence."
E:\martial arts\tkd\TKD-Kick3_work\data\sequences\val\axe\axe_0185.npz,,axe,48,30.0,,0.0015984000056050718,0.0021755999769084156,0.004559599969070405,,,"Feature, recognition, and scoring timed on the existing cleaned pose sequence."
E:\martial arts\tkd\TKD-Kick3_work\data\sequences\val\axe\axe_0186.npz,,axe,192,30.0,,0.006759900017641485,0.0021096999989822507,0.00950139999622479,,,"Feature, recognition, and scoring timed on the existing cleaned pose sequence."
E:\martial arts\tkd\TKD-Kick3_work\data\sequences\val\axe\axe_0187.npz,,axe,108,30.0,,0.003583099984098226,0.0024574000271968544,0.006524499971419573,,,"Feature, recognition, and scoring timed on the existing cleaned pose sequence."
E:\martial arts\tkd\TKD-Kick3_work\data\sequences\val\axe\axe_0295.npz,,axe,110,30.0,,0.0055049999500624835,0.002314999990630895,0.007257400022353977,,,"Feature, recognition, and scoring timed on the existing cleaned pose sequence."
E:\martial arts\tkd\TKD-Kick3_work\data\sequences\val\axe\axe_0298.npz,,axe,190,59.96843719482422,,0.005903900018893182,0.0021176000009290874,0.011475200008135289,,,"Feature, recognition, and scoring timed on the existing cleaned pose sequence."
