stage,class,count,note
protocol_expected_all,all,840,"140 participants x 3 kick types x 2 attempts"
active_retained_all,all,765,"Current active three-class pose sequences across train/val/test"
protocol_minus_active_retained,all,75,"Difference between protocol-level total and active retained sequences; per-reason counts are not recoverable from current files"
active_retained_train,front,245,"Active sequence count"
active_retained_train,roundhouse,159,"Active sequence count"
active_retained_train,axe,244,"Active sequence count"
active_retained_val,front,38,"Active sequence count"
active_retained_val,roundhouse,25,"Active sequence count"
active_retained_val,axe,41,"Active sequence count"
active_retained_test,front,5,"Additional release/example sequence count, not an independent formal test set yet"
active_retained_test,roundhouse,6,"Additional release/example sequence count, not an independent formal test set yet"
active_retained_test,axe,2,"Additional release/example sequence count, not an independent formal test set yet"
disabled_videos,side,57,"Side-kick videos excluded from three-class study"
disabled_sequences,side,57,"Side-kick sequences excluded from three-class study"
excluded_missing_sequence,front,1,"Video present but no usable active sequence"
cleaning_backup_misplaced,unknown,1,"Misplaced sequence backup from prior cleaning"
failed_pose_extraction,unknown,,"Not recoverable from current files"
unstable_tracking,unknown,,"Not recoverable from current files"
severe_occlusion,unknown,,"Not recoverable from current files"
missing_action_phases,unknown,,"Not recoverable from current files"
category_mismatch,unknown,,"Not recoverable from current files"
missing_unavailable_sequence_file,unknown,,"At least 1 known front video, but full per-reason total is not recoverable"
other_exclusions,unknown,,"Not recoverable from current files"

